"15133SEJ 과세유형별(1)","13301B 시도․업태별(1)","13301B 시도․업태별(2)",TIME 시점,16133T2008_0245 총계,16133T2008_0418 사업부진,16133T2008_0419 행정처분,16133T2008_0420 계절사업,16133T2008_0421 법인전환,16133T2008_0422 면세포기·적용,T001 양도·양수,16133T2008_0425 해산·합병,16133ABA7 기타
"15133SEJ00 합계","B01 합계","소계",Y2019 2019,922159,381334,4027,1102,5236,537,40185,2782,486956
"15133SEJ00 합계","B01 합계","소계",Y2020 2020,895379,386219,3313,876,5059,391,43538,2645,453338
"15133SEJ00 합계","B01 합계","소계",Y2021 2021,885173,403696,2914,709,4706,268,51200,3063,418617
"15133SEJ00 합계","B01 합계","소계",Y2022 2022,867292,406225,2636,842,4467,270,43085,3180,406587
"15133SEJ00 합계","B01 합계","소계",Y2023 2023,986487,482183,3837,1069,4685,283,40369,2858,451203
"15133SEJ01 법인사업자","B01 합계","소계",Y2019 2019,69587,27898,1198,35,-,1,1035,2205,37215
"15133SEJ01 법인사업자","B01 합계","소계",Y2020 2020,67547,29354,749,21,-,-,1028,2172,34223
"15133SEJ01 법인사업자","B01 합계","소계",Y2021 2021,65983,28754,632,16,-,-,1171,2682,32728
"15133SEJ01 법인사업자","B01 합계","소계",Y2022 2022,67656,29420,585,17,0,0,922,2756,33956
"15133SEJ01 법인사업자","B01 합계","소계",Y2023 2023,75668,33727,762,53,-,-,1071,2630,37425
"15133SEJ01 법인사업자","B02 지역별","소계",Y2019 2019,69587,27898,1198,35,-,1,1035,2205,37215
"15133SEJ01 법인사업자","B02 지역별","소계",Y2020 2020,67547,29354,749,21,-,-,1028,2172,34223
"15133SEJ01 법인사업자","B02 지역별","소계",Y2021 2021,65983,28754,632,16,-,-,1171,2682,32728
"15133SEJ01 법인사업자","B02 지역별","소계",Y2022 2022,67656,29420,585,17,0,0,922,2756,33956
"15133SEJ01 법인사업자","B02 지역별","소계",Y2023 2023,75668,33727,762,53,-,-,1071,2630,37425
"15133SEJ01 법인사업자","B02 지역별","B03 서울",Y2019 2019,21744,8894,246,10,-,-,322,1049,11223
"15133SEJ01 법인사업자","B02 지역별","B03 서울",Y2020 2020,20228,8878,249,5,-,-,298,1074,9724
"15133SEJ01 법인사업자","B02 지역별","B03 서울",Y2021 2021,19238,8215,118,6,-,-,340,1290,9269
"15133SEJ01 법인사업자","B02 지역별","B03 서울",Y2022 2022,19602,8025,135,5,0,0,261,1427,9749
"15133SEJ01 법인사업자","B02 지역별","B03 서울",Y2023 2023,21516,9056,99,12,-,-,330,1370,10649
"15133SEJ01 법인사업자","B02 지역별","B04 인천",Y2019 2019,3600,1344,171,-,-,-,63,57,1965
"15133SEJ01 법인사업자","B02 지역별","B04 인천",Y2020 2020,3303,1419,115,1,-,-,63,60,1645
"15133SEJ01 법인사업자","B02 지역별","B04 인천",Y2021 2021,3203,1472,61,-,-,-,61,68,1541
"15133SEJ01 법인사업자","B02 지역별","B04 인천",Y2022 2022,2973,1390,39,0,0,0,53,81,1410
"15133SEJ01 법인사업자","B02 지역별","B04 인천",Y2023 2023,3641,1677,104,2,-,-,75,70,1713
"15133SEJ01 법인사업자","B02 지역별","B05 경기",Y2019 2019,17627,6995,594,12,-,-,248,375,9403
"15133SEJ01 법인사업자","B02 지역별","B05 경기",Y2020 2020,17402,7718,243,1,-,-,290,411,8739
"15133SEJ01 법인사업자","B02 지역별","B05 경기",Y2021 2021,17728,8033,289,3,-,-,352,430,8621
"15133SEJ01 법인사업자","B02 지역별","B05 경기",Y2022 2022,17973,8367,289,1,0,0,233,477,8606
"15133SEJ01 법인사업자","B02 지역별","B05 경기",Y2023 2023,20804,9851,407,14,-,-,284,388,9860
"15133SEJ01 법인사업자","B02 지역별","B06 강원",Y2019 2019,1312,562,6,-,-,-,22,41,681
"15133SEJ01 법인사업자","B02 지역별","B06 강원",Y2020 2020,1421,632,5,-,-,-,21,40,723
"15133SEJ01 법인사업자","B02 지역별","B06 강원",Y2021 2021,1507,605,16,-,-,-,15,69,802
"15133SEJ01 법인사업자","B02 지역별","B06 강원",Y2022 2022,1485,633,8,1,0,0,21,40,782
"15133SEJ01 법인사업자","B02 지역별","B06 강원",Y2023 2023,1680,678,8,6,-,-,23,48,917
"15133SEJ01 법인사업자","B02 지역별","B07 대전",Y2019 2019,1497,652,26,3,-,-,29,36,751
"15133SEJ01 법인사업자","B02 지역별","B07 대전",Y2020 2020,1491,678,15,-,-,-,19,33,746
"15133SEJ01 법인사업자","B02 지역별","B07 대전",Y2021 2021,1548,680,6,-,-,-,17,55,790
"15133SEJ01 법인사업자","B02 지역별","B07 대전",Y2022 2022,1658,694,19,0,0,0,16,38,891
"15133SEJ01 법인사업자","B02 지역별","B07 대전",Y2023 2023,1724,804,21,-,-,-,18,43,838
"15133SEJ01 법인사업자","B02 지역별","B08 충북",Y2019 2019,1763,587,4,1,-,-,28,46,1097
"15133SEJ01 법인사업자","B02 지역별","B08 충북",Y2020 2020,1683,674,11,-,-,-,24,43,931
"15133SEJ01 법인사업자","B02 지역별","B08 충북",Y2021 2021,1645,668,6,1,-,-,28,65,877
"15133SEJ01 법인사업자","B02 지역별","B08 충북",Y2022 2022,1817,770,3,0,0,0,28,54,962
"15133SEJ01 법인사업자","B02 지역별","B08 충북",Y2023 2023,1923,766,16,1,-,-,20,61,1059
"15133SEJ01 법인사업자","B02 지역별","B09 충남",Y2019 2019,2439,811,29,1,-,-,37,69,1492
"15133SEJ01 법인사업자","B02 지역별","B09 충남",Y2020 2020,2604,973,19,6,-,-,41,69,1496
"15133SEJ01 법인사업자","B02 지역별","B09 충남",Y2021 2021,2437,929,36,1,-,-,45,71,1355
"15133SEJ01 법인사업자","B02 지역별","B09 충남",Y2022 2022,2638,1018,10,0,0,0,43,88,1479
"15133SEJ01 법인사업자","B02 지역별","B09 충남",Y2023 2023,2847,1172,6,3,-,-,37,93,1536
"15133SEJ01 법인사업자","B02 지역별","B10 세종",Y2019 2019,423,143,2,-,-,-,14,7,257
"15133SEJ01 법인사업자","B02 지역별","B10 세종",Y2020 2020,413,148,1,-,-,-,9,14,241
"15133SEJ01 법인사업자","B02 지역별","B10 세종",Y2021 2021,381,153,1,-,-,-,8,18,201
"15133SEJ01 법인사업자","B02 지역별","B10 세종",Y2022 2022,397,158,1,0,0,0,9,11,218
"15133SEJ01 법인사업자","B02 지역별","B10 세종",Y2023 2023,467,204,1,-,-,-,13,14,235
"15133SEJ01 법인사업자","B02 지역별","B11 광주",Y2019 2019,1837,756,17,-,-,-,35,56,973
"15133SEJ01 법인사업자","B02 지역별","B11 광주",Y2020 2020,1997,911,18,-,-,-,43,38,987
"15133SEJ01 법인사업자","B02 지역별","B11 광주",Y2021 2021,1755,833,17,-,-,-,46,53,806
"15133SEJ01 법인사업자","B02 지역별","B11 광주",Y2022 2022,1765,837,6,1,0,0,25,40,856
"15133SEJ01 법인사업자","B02 지역별","B11 광주",Y2023 2023,1992,942,14,1,-,-,31,62,942
"15133SEJ01 법인사업자","B02 지역별","B12 전북",Y2019 2019,1951,816,5,-,-,-,30,50,1050
"15133SEJ01 법인사업자","B02 지역별","B12 전북",Y2020 2020,1971,844,4,-,-,-,25,45,1053
"15133SEJ01 법인사업자","B02 지역별","B12 전북",Y2021 2021,1994,887,3,-,-,-,34,58,1012
"15133SEJ01 법인사업자","B02 지역별","B12 전북",Y2022 2022,2006,899,8,2,0,0,23,55,1019
"15133SEJ01 법인사업자","B02 지역별","B12 전북",Y2023 2023,2142,989,3,4,-,-,20,62,1064
"15133SEJ01 법인사업자","B02 지역별","B13 전남",Y2019 2019,1901,723,25,1,-,-,27,45,1080
"15133SEJ01 법인사업자","B02 지역별","B13 전남",Y2020 2020,1905,797,10,3,-,-,28,43,1024
"15133SEJ01 법인사업자","B02 지역별","B13 전남",Y2021 2021,1852,832,30,-,-,-,13,58,919
"15133SEJ01 법인사업자","B02 지역별","B13 전남",Y2022 2022,2008,848,18,0,0,0,23,71,1048
"15133SEJ01 법인사업자","B02 지역별","B13 전남",Y2023 2023,2132,938,6,3,-,-,24,82,1079
"15133SEJ01 법인사업자","B02 지역별","B14 대구",Y2019 2019,2174,833,4,1,-,-,33,50,1253
"15133SEJ01 법인사업자","B02 지역별","B14 대구",Y2020 2020,2076,783,7,1,-,-,37,42,1206
"15133SEJ01 법인사업자","B02 지역별","B14 대구",Y2021 2021,2095,873,5,1,-,-,37,41,1138
"15133SEJ01 법인사업자","B02 지역별","B14 대구",Y2022 2022,2110,922,2,0,0,0,33,57,1096
"15133SEJ01 법인사업자","B02 지역별","B14 대구",Y2023 2023,2401,1190,7,1,-,-,23,38,1142
"15133SEJ01 법인사업자","B02 지역별","B15 경북",Y2019 2019,2601,1105,36,2,-,-,21,97,1340
"15133SEJ01 법인사업자","B02 지역별","B15 경북",Y2020 2020,2462,1005,17,1,-,-,25,47,1367
"15133SEJ01 법인사업자","B02 지역별","B15 경북",Y2021 2021,2478,961,20,1,-,-,30,82,1384
"15133SEJ01 법인사업자","B02 지역별","B15 경북",Y2022 2022,2520,1094,16,0,0,0,29,80,1301
"15133SEJ01 법인사업자","B02 지역별","B15 경북",Y2023 2023,2714,1178,26,3,-,-,39,77,1391
"15133SEJ01 법인사업자","B02 지역별","B16 부산",Y2019 2019,3738,1760,18,1,-,1,62,71,1825
"15133SEJ01 법인사업자","B02 지역별","B16 부산",Y2020 2020,3797,1824,13,1,-,-,54,74,1831
"15133SEJ01 법인사업자","B02 지역별","B16 부산",Y2021 2021,3592,1702,5,-,-,-,82,119,1684
"15133SEJ01 법인사업자","B02 지역별","B16 부산",Y2022 2022,3726,1695,8,2,0,0,58,83,1880
"15133SEJ01 법인사업자","B02 지역별","B16 부산",Y2023 2023,3927,1891,10,1,-,-,63,80,1882
"15133SEJ01 법인사업자","B02 지역별","B17 울산",Y2019 2019,1029,364,5,2,-,-,11,25,622
"15133SEJ01 법인사업자","B02 지역별","B17 울산",Y2020 2020,1009,445,17,-,-,-,7,19,521
"15133SEJ01 법인사업자","B02 지역별","B17 울산",Y2021 2021,956,423,7,1,-,-,11,34,480
"15133SEJ01 법인사업자","B02 지역별","B17 울산",Y2022 2022,1024,459,5,0,0,0,16,23,521
"15133SEJ01 법인사업자","B02 지역별","B17 울산",Y2023 2023,1171,551,4,1,-,-,13,27,575
"15133SEJ01 법인사업자","B02 지역별","B18 경남",Y2019 2019,3078,1282,5,-,-,-,38,96,1657
"15133SEJ01 법인사업자","B02 지역별","B18 경남",Y2020 2020,2874,1253,3,1,-,-,36,81,1500
"15133SEJ01 법인사업자","B02 지역별","B18 경남",Y2021 2021,2780,1188,9,2,-,-,41,127,1413
"15133SEJ01 법인사업자","B02 지역별","B18 경남",Y2022 2022,2993,1269,18,5,0,0,34,100,1567
"15133SEJ01 법인사업자","B02 지역별","B18 경남",Y2023 2023,3313,1454,25,1,-,-,48,75,1710
"15133SEJ01 법인사업자","B02 지역별","B19 제주",Y2019 2019,873,271,5,1,-,-,15,35,546
"15133SEJ01 법인사업자","B02 지역별","B19 제주",Y2020 2020,911,372,2,1,-,-,8,39,489
"15133SEJ01 법인사업자","B02 지역별","B19 제주",Y2021 2021,794,300,3,-,-,-,11,44,436
"15133SEJ01 법인사업자","B02 지역별","B19 제주",Y2022 2022,961,342,0,0,0,0,17,31,571
"15133SEJ01 법인사업자","B02 지역별","B19 제주",Y2023 2023,1274,386,5,-,-,-,10,40,833
"15133SEJ01 법인사업자","B20 업태별","소계",Y2019 2019,69587,27898,1198,35,-,1,1035,2205,37215
"15133SEJ01 법인사업자","B20 업태별","소계",Y2020 2020,67547,29354,749,21,-,-,1028,2172,34223
"15133SEJ01 법인사업자","B20 업태별","소계",Y2021 2021,65983,28754,632,16,-,-,1171,2682,32728
"15133SEJ01 법인사업자","B20 업태별","소계",Y2022 2022,67656,29420,585,17,0,0,922,2756,33956
"15133SEJ01 법인사업자","B20 업태별","소계",Y2023 2023,75668,33727,762,53,-,-,1071,2630,37425
"15133SEJ01 법인사업자","B20 업태별","B21 농·임·어업",Y2019 2019,1201,426,19,-,-,-,8,35,713
"15133SEJ01 법인사업자","B20 업태별","B21 농·임·어업",Y2020 2020,1037,467,6,2,-,-,4,27,531
"15133SEJ01 법인사업자","B20 업태별","B21 농·임·어업",Y2021 2021,1021,476,15,1,-,-,7,38,484
"15133SEJ01 법인사업자","B20 업태별","B21 농·임·어업",Y2022 2022,1210,539,12,1,0,0,10,47,601
"15133SEJ01 법인사업자","B20 업태별","B21 농·임·어업",Y2023 2023,1166,514,9,-,-,-,3,38,602
"15133SEJ01 법인사업자","B20 업태별","B22 광업",Y2019 2019,65,15,2,-,-,-,-,4,44
"15133SEJ01 법인사업자","B20 업태별","B22 광업",Y2020 2020,80,25,1,-,-,-,2,8,44
"15133SEJ01 법인사업자","B20 업태별","B22 광업",Y2021 2021,60,23,2,-,-,-,-,2,33
"15133SEJ01 법인사업자","B20 업태별","B22 광업",Y2022 2022,45,13,0,0,0,0,0,0,32
"15133SEJ01 법인사업자","B20 업태별","B22 광업",Y2023 2023,63,15,1,-,-,-,-,-,47
"15133SEJ01 법인사업자","B20 업태별","B23 제조업",Y2019 2019,11084,4750,223,3,-,-,101,346,5661
"15133SEJ01 법인사업자","B20 업태별","B23 제조업",Y2020 2020,10253,4755,120,2,-,-,93,328,4955
"15133SEJ01 법인사업자","B20 업태별","B23 제조업",Y2021 2021,9643,4505,121,-,-,-,84,357,4576
"15133SEJ01 법인사업자","B20 업태별","B23 제조업",Y2022 2022,9449,4323,114,0,0,0,85,354,4573
"15133SEJ01 법인사업자","B20 업태별","B23 제조업",Y2023 2023,10271,4939,137,-,-,-,76,351,4768
"15133SEJ01 법인사업자","B20 업태별","B24 전기·가스·수도업",Y2019 2019,534,129,10,2,-,-,22,18,353
"15133SEJ01 법인사업자","B20 업태별","B24 전기·가스·수도업",Y2020 2020,629,231,1,-,-,-,24,26,347
"15133SEJ01 법인사업자","B20 업태별","B24 전기·가스·수도업",Y2021 2021,481,181,3,-,-,-,12,20,265
"15133SEJ01 법인사업자","B20 업태별","B24 전기·가스·수도업",Y2022 2022,431,160,5,0,0,0,13,24,229
"15133SEJ01 법인사업자","B20 업태별","B24 전기·가스·수도업",Y2023 2023,441,181,3,-,-,-,15,19,223
"15133SEJ01 법인사업자","B20 업태별","B25 도매업",Y2019 2019,12635,5791,235,10,-,-,59,301,6239
"15133SEJ01 법인사업자","B20 업태별","B25 도매업",Y2020 2020,11407,5678,141,5,-,-,54,219,5310
"15133SEJ01 법인사업자","B20 업태별","B25 도매업",Y2021 2021,11063,5543,95,2,-,-,95,235,5093
"15133SEJ01 법인사업자","B20 업태별","B25 도매업",Y2022 2022,10540,5419,121,1,0,0,56,238,4705
"15133SEJ01 법인사업자","B20 업태별","B25 도매업",Y2023 2023,11185,5672,115,5,-,-,57,214,5122
"15133SEJ01 법인사업자","B20 업태별","B26 소매업",Y2019 2019,6029,2291,96,3,-,-,65,88,3486
"15133SEJ01 법인사업자","B20 업태별","B26 소매업",Y2020 2020,6213,2657,73,1,-,-,81,86,3315
"15133SEJ01 법인사업자","B20 업태별","B26 소매업",Y2021 2021,7525,3204,55,4,-,-,176,136,3950
"15133SEJ01 법인사업자","B20 업태별","B26 소매업",Y2022 2022,7881,3513,52,1,0,0,60,105,4150
"15133SEJ01 법인사업자","B20 업태별","B26 소매업",Y2023 2023,8484,3869,88,2,-,-,225,103,4197
"15133SEJ01 법인사업자","B20 업태별","B27 부동산매매업",Y2019 2019,2132,805,53,-,-,1,11,36,1226
"15133SEJ01 법인사업자","B20 업태별","B27 부동산매매업",Y2020 2020,2396,1037,30,-,-,-,14,63,1252
"15133SEJ01 법인사업자","B20 업태별","B27 부동산매매업",Y2021 2021,2241,1038,25,-,-,-,16,104,1058
"15133SEJ01 법인사업자","B20 업태별","B27 부동산매매업",Y2022 2022,2705,1293,29,1,0,0,19,96,1267
"15133SEJ01 법인사업자","B20 업태별","B27 부동산매매업",Y2023 2023,3132,1546,48,-,-,-,10,74,1454
"15133SEJ01 법인사업자","B20 업태별","B28 건설업",Y2019 2019,4857,2004,127,-,-,-,12,126,2588
"15133SEJ01 법인사업자","B20 업태별","B28 건설업",Y2020 2020,4614,2009,80,-,-,-,9,124,2392
"15133SEJ01 법인사업자","B20 업태별","B28 건설업",Y2021 2021,4271,1973,76,-,-,-,14,233,1975
"15133SEJ01 법인사업자","B20 업태별","B28 건설업",Y2022 2022,4478,2178,46,0,0,0,13,223,2018
"15133SEJ01 법인사업자","B20 업태별","B28 건설업",Y2023 2023,5209,2415,63,-,-,-,10,220,2501
"15133SEJ01 법인사업자","B20 업태별","B29 음식업",Y2019 2019,4447,1577,20,10,-,-,365,26,2449
"15133SEJ01 법인사업자","B20 업태별","B29 음식업",Y2020 2020,4388,1925,20,3,-,-,246,55,2139
"15133SEJ01 법인사업자","B20 업태별","B29 음식업",Y2021 2021,4349,1931,7,-,-,-,204,27,2180
"15133SEJ01 법인사업자","B20 업태별","B29 음식업",Y2022 2022,4367,1794,11,3,0,0,245,17,2297
"15133SEJ01 법인사업자","B20 업태별","B29 음식업",Y2023 2023,5808,1857,14,3,-,-,307,88,3539
"15133SEJ01 법인사업자","B20 업태별","B30 숙박업",Y2019 2019,196,54,5,-,-,-,21,9,107
"15133SEJ01 법인사업자","B20 업태별","B30 숙박업",Y2020 2020,200,60,1,1,-,-,22,8,108
"15133SEJ01 법인사업자","B20 업태별","B30 숙박업",Y2021 2021,189,48,1,-,-,-,21,10,109
"15133SEJ01 법인사업자","B20 업태별","B30 숙박업",Y2022 2022,229,56,1,0,0,0,23,3,146
"15133SEJ01 법인사업자","B20 업태별","B30 숙박업",Y2023 2023,238,49,1,-,-,-,18,9,161
"15133SEJ01 법인사업자","B20 업태별","B31 운수·창고·통신업",Y2019 2019,2196,1017,32,-,-,-,9,45,1093
"15133SEJ01 법인사업자","B20 업태별","B31 운수·창고·통신업",Y2020 2020,2163,1160,21,2,-,-,10,51,919
"15133SEJ01 법인사업자","B20 업태별","B31 운수·창고·통신업",Y2021 2021,1654,888,16,-,-,-,13,45,692
"15133SEJ01 법인사업자","B20 업태별","B31 운수·창고·통신업",Y2022 2022,1619,828,14,1,0,0,7,51,718
"15133SEJ01 법인사업자","B20 업태별","B31 운수·창고·통신업",Y2023 2023,2082,1064,23,37,-,-,9,42,907
"15133SEJ01 법인사업자","B20 업태별","B32 부동산임대업",Y2019 2019,2563,215,18,1,-,-,190,78,2061
"15133SEJ01 법인사업자","B20 업태별","B32 부동산임대업",Y2020 2020,3246,284,13,-,-,-,286,59,2604
"15133SEJ01 법인사업자","B20 업태별","B32 부동산임대업",Y2021 2021,3430,304,16,1,-,-,328,77,2704
"15133SEJ01 법인사업자","B20 업태별","B32 부동산임대업",Y2022 2022,3127,325,12,0,0,0,165,68,2557
"15133SEJ01 법인사업자","B20 업태별","B32 부동산임대업",Y2023 2023,2678,327,17,-,-,-,139,52,2143
"15133SEJ01 법인사업자","B20 업태별","B33 대리·중개·도급업",Y2019 2019,940,453,19,1,-,-,5,11,451
"15133SEJ01 법인사업자","B20 업태별","B33 대리·중개·도급업",Y2020 2020,880,460,7,-,-,-,7,8,398
"15133SEJ01 법인사업자","B20 업태별","B33 대리·중개·도급업",Y2021 2021,820,453,13,-,-,-,5,9,340
"15133SEJ01 법인사업자","B20 업태별","B33 대리·중개·도급업",Y2022 2022,823,401,8,0,0,0,7,18,389
"15133SEJ01 법인사업자","B20 업태별","B33 대리·중개·도급업",Y2023 2023,943,492,8,-,-,-,3,20,420
"15133SEJ01 법인사업자","B20 업태별","B34 서비스업",Y2019 2019,20708,8371,339,5,-,-,167,1082,10744
"15133SEJ01 법인사업자","B20 업태별","B34 서비스업",Y2020 2020,20041,8606,235,5,-,-,176,1110,9909
"15133SEJ01 법인사업자","B20 업태별","B34 서비스업",Y2021 2021,19236,8187,187,8,-,-,196,1389,9269
"15133SEJ01 법인사업자","B20 업태별","B34 서비스업",Y2022 2022,20752,8578,160,9,0,0,219,1512,10274
"15133SEJ01 법인사업자","B20 업태별","B34 서비스업",Y2023 2023,23968,10787,235,6,-,-,199,1400,11341
"15133SEJ02 일반사업자","B01 합계","소계",Y2019 2019,526377,214673,1728,478,4405,289,30657,389,273758
"15133SEJ02 일반사업자","B01 합계","소계",Y2020 2020,490189,211603,1496,378,4170,138,32300,317,239787
"15133SEJ02 일반사업자","B01 합계","소계",Y2021 2021,456839,205985,1171,280,3909,57,38012,221,207204
"15133SEJ02 일반사업자","B01 합계","소계",Y2022 2022,438023,200836,991,374,3657,58,31720,271,200116
"15133SEJ02 일반사업자","B01 합계","소계",Y2023 2023,499677,239004,1686,401,3851,42,28976,149,225568
"15133SEJ02 일반사업자","B02 지역별","소계",Y2019 2019,526377,214673,1728,478,4405,289,30657,389,273758
"15133SEJ02 일반사업자","B02 지역별","소계",Y2020 2020,490189,211603,1496,378,4170,138,32300,317,239787
"15133SEJ02 일반사업자","B02 지역별","소계",Y2021 2021,456839,205985,1171,280,3909,57,38012,221,207204
"15133SEJ02 일반사업자","B02 지역별","소계",Y2022 2022,438023,200836,991,374,3657,58,31720,271,200116
"15133SEJ02 일반사업자","B02 지역별","소계",Y2023 2023,499677,239004,1686,401,3851,42,28976,149,225568
"15133SEJ02 일반사업자","B02 지역별","B03 서울",Y2019 2019,107481,48292,340,96,1361,36,6269,61,51026
"15133SEJ02 일반사업자","B02 지역별","B03 서울",Y2020 2020,98581,45730,297,79,1231,16,6194,44,44990
"15133SEJ02 일반사업자","B02 지역별","B03 서울",Y2021 2021,91437,44656,195,58,1199,5,6742,34,38548
"15133SEJ02 일반사업자","B02 지역별","B03 서울",Y2022 2022,86248,42154,201,70,1143,12,5092,32,37544
"15133SEJ02 일반사업자","B02 지역별","B03 서울",Y2023 2023,97402,48725,286,85,1190,7,4656,13,42440
"15133SEJ02 일반사업자","B02 지역별","B04 인천",Y2019 2019,35525,11558,137,20,205,105,2258,11,21231
"15133SEJ02 일반사업자","B02 지역별","B04 인천",Y2020 2020,33917,12644,95,22,236,21,2662,11,18226
"15133SEJ02 일반사업자","B02 지역별","B04 인천",Y2021 2021,30007,12506,57,19,204,7,3679,10,13525
"15133SEJ02 일반사업자","B02 지역별","B04 인천",Y2022 2022,29853,12734,59,32,238,2,3246,6,13536
"15133SEJ02 일반사업자","B02 지역별","B04 인천",Y2023 2023,34324,15805,144,25,197,4,2807,10,15332
"15133SEJ02 일반사업자","B02 지역별","B05 경기",Y2019 2019,151125,56080,797,132,1332,97,10282,101,82304
"15133SEJ02 일반사업자","B02 지역별","B05 경기",Y2020 2020,142932,57823,646,123,1202,30,10833,59,72216
"15133SEJ02 일반사업자","B02 지역별","B05 경기",Y2021 2021,138171,58047,530,90,1175,22,13335,87,64885
"15133SEJ02 일반사업자","B02 지역별","B05 경기",Y2022 2022,132713,59148,407,125,1073,7,11189,116,60648
"15133SEJ02 일반사업자","B02 지역별","B05 경기",Y2023 2023,151270,71635,808,123,1133,14,9681,59,67817
"15133SEJ02 일반사업자","B02 지역별","B06 강원",Y2019 2019,12684,5329,32,28,97,1,801,20,6376
"15133SEJ02 일반사업자","B02 지역별","B06 강원",Y2020 2020,11957,5111,16,14,87,3,723,5,5998
"15133SEJ02 일반사업자","B02 지역별","B06 강원",Y2021 2021,11158,4866,17,12,80,1,871,17,5294
"15133SEJ02 일반사업자","B02 지역별","B06 강원",Y2022 2022,11252,4427,30,16,62,14,778,16,5909
"15133SEJ02 일반사업자","B02 지역별","B06 강원",Y2023 2023,12686,5402,60,25,94,4,759,7,6335
"15133SEJ02 일반사업자","B02 지역별","B07 대전",Y2019 2019,13801,6310,28,11,98,-,776,7,6571
"15133SEJ02 일반사업자","B02 지역별","B07 대전",Y2020 2020,12500,6245,38,4,109,1,825,6,5272
"15133SEJ02 일반사업자","B02 지역별","B07 대전",Y2021 2021,11243,5580,23,6,89,-,818,3,4724
"15133SEJ02 일반사업자","B02 지역별","B07 대전",Y2022 2022,11096,5202,16,9,70,0,698,2,5099
"15133SEJ02 일반사업자","B02 지역별","B07 대전",Y2023 2023,12759,6586,19,8,87,3,754,2,5300
"15133SEJ02 일반사업자","B02 지역별","B08 충북",Y2019 2019,13869,5402,14,15,89,2,769,2,7576
"15133SEJ02 일반사업자","B02 지역별","B08 충북",Y2020 2020,12889,5582,24,11,91,4,773,5,6399
"15133SEJ02 일반사업자","B02 지역별","B08 충북",Y2021 2021,12246,5486,18,7,85,1,891,4,5754
"15133SEJ02 일반사업자","B02 지역별","B08 충북",Y2022 2022,11741,5314,10,5,65,0,746,1,5600
"15133SEJ02 일반사업자","B02 지역별","B08 충북",Y2023 2023,13838,5946,10,7,82,2,695,2,7094
"15133SEJ02 일반사업자","B02 지역별","B09 충남",Y2019 2019,19700,7614,55,22,137,3,1099,34,10736
"15133SEJ02 일반사업자","B02 지역별","B09 충남",Y2020 2020,18291,7206,64,14,131,10,1281,9,9576
"15133SEJ02 일반사업자","B02 지역별","B09 충남",Y2021 2021,17031,7396,60,11,115,5,1358,5,8081
"15133SEJ02 일반사업자","B02 지역별","B09 충남",Y2022 2022,16666,6882,32,9,105,1,1486,21,8130
"15133SEJ02 일반사업자","B02 지역별","B09 충남",Y2023 2023,19135,8165,35,9,128,2,1504,7,9285
"15133SEJ02 일반사업자","B02 지역별","B10 세종",Y2019 2019,2692,975,1,-,15,-,290,1,1410
"15133SEJ02 일반사업자","B02 지역별","B10 세종",Y2020 2020,2634,1061,3,1,28,-,272,1,1268
"15133SEJ02 일반사업자","B02 지역별","B10 세종",Y2021 2021,2895,1043,6,1,13,-,359,-,1473
"15133SEJ02 일반사업자","B02 지역별","B10 세종",Y2022 2022,2523,1039,4,4,17,0,180,0,1279
"15133SEJ02 일반사업자","B02 지역별","B10 세종",Y2023 2023,2880,1297,17,3,20,-,167,2,1374
"15133SEJ02 일반사업자","B02 지역별","B11 광주",Y2019 2019,13752,5970,41,19,127,5,623,10,6957
"15133SEJ02 일반사업자","B02 지역별","B11 광주",Y2020 2020,12746,6075,63,8,111,11,772,10,5696
"15133SEJ02 일반사업자","B02 지역별","B11 광주",Y2021 2021,12298,6012,23,8,114,2,969,9,5161
"15133SEJ02 일반사업자","B02 지역별","B11 광주",Y2022 2022,11627,5279,19,9,80,7,777,3,5453
"15133SEJ02 일반사업자","B02 지역별","B11 광주",Y2023 2023,12850,6074,24,5,101,-,668,1,5977
"15133SEJ02 일반사업자","B02 지역별","B12 전북",Y2019 2019,17187,7108,16,15,97,1,1050,15,8885
"15133SEJ02 일반사업자","B02 지역별","B12 전북",Y2020 2020,16678,6928,21,12,108,2,1313,53,8241
"15133SEJ02 일반사업자","B02 지역별","B12 전북",Y2021 2021,14213,6190,18,7,90,1,1079,8,6820
"15133SEJ02 일반사업자","B02 지역별","B12 전북",Y2022 2022,13492,5901,27,6,79,0,1174,3,6302
"15133SEJ02 일반사업자","B02 지역별","B12 전북",Y2023 2023,15188,7051,15,12,86,-,923,2,7099
"15133SEJ02 일반사업자","B02 지역별","B13 전남",Y2019 2019,15574,5203,31,15,99,1,1094,58,9073
"15133SEJ02 일반사업자","B02 지역별","B13 전남",Y2020 2020,15354,5481,34,10,116,8,1250,61,8394
"15133SEJ02 일반사업자","B02 지역별","B13 전남",Y2021 2021,13232,5073,21,7,68,3,1204,8,6848
"15133SEJ02 일반사업자","B02 지역별","B13 전남",Y2022 2022,12426,4620,15,7,61,2,994,11,6716
"15133SEJ02 일반사업자","B02 지역별","B13 전남",Y2023 2023,14617,5493,19,12,74,2,906,5,8106
"15133SEJ02 일반사업자","B02 지역별","B14 대구",Y2019 2019,21465,8490,42,12,111,15,919,4,11872
"15133SEJ02 일반사업자","B02 지역별","B14 대구",Y2020 2020,18830,7530,58,7,95,8,780,16,10336
"15133SEJ02 일반사업자","B02 지역별","B14 대구",Y2021 2021,17988,8110,56,4,114,1,1021,5,8677
"15133SEJ02 일반사업자","B02 지역별","B14 대구",Y2022 2022,16683,8499,36,9,130,3,742,4,7260
"15133SEJ02 일반사업자","B02 지역별","B14 대구",Y2023 2023,19641,10188,27,14,85,-,826,6,8495
"15133SEJ02 일반사업자","B02 지역별","B15 경북",Y2019 2019,21070,9992,37,21,135,7,810,25,10043
"15133SEJ02 일반사업자","B02 지역별","B15 경북",Y2020 2020,18826,9099,27,11,120,6,706,9,8848
"15133SEJ02 일반사업자","B02 지역별","B15 경북",Y2021 2021,17218,8115,36,11,86,5,872,8,8085
"15133SEJ02 일반사업자","B02 지역별","B15 경북",Y2022 2022,16977,7925,26,12,112,5,1006,19,7872
"15133SEJ02 일반사업자","B02 지역별","B15 경북",Y2023 2023,19655,9096,55,14,130,2,1007,13,9338
"15133SEJ02 일반사업자","B02 지역별","B16 부산",Y2019 2019,33320,15568,58,42,234,4,1718,23,15673
"15133SEJ02 일반사업자","B02 지역별","B16 부산",Y2020 2020,30281,14745,38,37,232,2,1807,9,13411
"15133SEJ02 일반사업자","B02 지역별","B16 부산",Y2021 2021,29739,14147,50,23,233,-,2680,9,12597
"15133SEJ02 일반사업자","B02 지역별","B16 부산",Y2022 2022,27688,13689,54,31,196,4,1666,14,12034
"15133SEJ02 일반사업자","B02 지역별","B16 부산",Y2023 2023,30689,16104,94,36,211,1,1546,10,12687
"15133SEJ02 일반사업자","B02 지역별","B17 울산",Y2019 2019,10375,4051,37,5,51,5,374,1,5851
"15133SEJ02 일반사업자","B02 지역별","B17 울산",Y2020 2020,9404,4277,7,2,55,10,350,4,4699
"15133SEJ02 일반사업자","B02 지역별","B17 울산",Y2021 2021,8686,4305,12,4,42,1,497,1,3824
"15133SEJ02 일반사업자","B02 지역별","B17 울산",Y2022 2022,8274,4138,17,3,46,0,420,2,3648
"15133SEJ02 일반사업자","B02 지역별","B17 울산",Y2023 2023,8958,5019,12,5,47,-,517,1,3357
"15133SEJ02 일반사업자","B02 지역별","B18 경남",Y2019 2019,29615,14722,53,22,159,3,1156,15,13485
"15133SEJ02 일반사업자","B02 지역별","B18 경남",Y2020 2020,27711,13406,56,15,154,5,1273,13,12789
"15133SEJ02 일반사업자","B02 지역별","B18 경남",Y2021 2021,23631,12137,36,6,161,2,1202,12,10075
"15133SEJ02 일반사업자","B02 지역별","B18 경남",Y2022 2022,23420,11776,28,21,135,1,1182,18,10259
"15133SEJ02 일반사업자","B02 지역별","B18 경남",Y2023 2023,26953,13694,48,15,143,-,1272,7,11774
"15133SEJ02 일반사업자","B02 지역별","B19 제주",Y2019 2019,7142,2009,9,3,58,4,369,1,4689
"15133SEJ02 일반사업자","B02 지역별","B19 제주",Y2020 2020,6658,2660,9,8,64,1,486,2,3428
"15133SEJ02 일반사업자","B02 지역별","B19 제주",Y2021 2021,5646,2316,13,6,41,1,435,1,2833
"15133SEJ02 일반사업자","B02 지역별","B19 제주",Y2022 2022,5344,2109,10,6,45,0,344,3,2827
"15133SEJ02 일반사업자","B02 지역별","B19 제주",Y2023 2023,6832,2724,13,3,43,1,288,2,3758
"15133SEJ02 일반사업자","B20 업태별","소계",Y2019 2019,526377,214673,1728,478,4405,289,30657,389,273758
"15133SEJ02 일반사업자","B20 업태별","소계",Y2020 2020,490189,211603,1496,378,4170,138,32300,317,239787
"15133SEJ02 일반사업자","B20 업태별","소계",Y2021 2021,456839,205985,1171,280,3909,57,38012,221,207204
"15133SEJ02 일반사업자","B20 업태별","소계",Y2022 2022,438023,200836,991,374,3657,58,31720,271,200116
"15133SEJ02 일반사업자","B20 업태별","소계",Y2023 2023,499677,239004,1686,401,3851,42,28976,149,225568
"15133SEJ02 일반사업자","B20 업태별","B21 농·임·어업",Y2019 2019,257,96,-,1,12,3,2,-,143
"15133SEJ02 일반사업자","B20 업태별","B21 농·임·어업",Y2020 2020,281,109,-,3,4,2,4,1,158
"15133SEJ02 일반사업자","B20 업태별","B21 농·임·어업",Y2021 2021,276,95,2,1,18,1,2,-,157
"15133SEJ02 일반사업자","B20 업태별","B21 농·임·어업",Y2022 2022,312,126,1,1,12,1,3,1,167
"15133SEJ02 일반사업자","B20 업태별","B21 농·임·어업",Y2023 2023,382,157,1,-,10,1,5,-,208
"15133SEJ02 일반사업자","B20 업태별","B22 광업",Y2019 2019,29,11,1,-,-,-,1,-,16
"15133SEJ02 일반사업자","B20 업태별","B22 광업",Y2020 2020,25,12,-,-,-,-,1,-,12
"15133SEJ02 일반사업자","B20 업태별","B22 광업",Y2021 2021,22,11,-,-,3,-,-,-,8
"15133SEJ02 일반사업자","B20 업태별","B22 광업",Y2022 2022,27,12,0,0,0,0,1,0,14
"15133SEJ02 일반사업자","B20 업태별","B22 광업",Y2023 2023,23,8,1,-,1,-,-,-,13
"15133SEJ02 일반사업자","B20 업태별","B23 제조업",Y2019 2019,32667,17217,159,21,804,1,884,6,13575
"15133SEJ02 일반사업자","B20 업태별","B23 제조업",Y2020 2020,28210,15625,127,13,706,5,822,6,10906
"15133SEJ02 일반사업자","B20 업태별","B23 제조업",Y2021 2021,25421,14373,111,12,622,4,807,5,9487
"15133SEJ02 일반사업자","B20 업태별","B23 제조업",Y2022 2022,23456,13052,61,12,558,0,771,1,9001
"15133SEJ02 일반사업자","B20 업태별","B23 제조업",Y2023 2023,27331,15685,113,12,557,2,740,10,10212
"15133SEJ02 일반사업자","B20 업태별","B24 전기·가스·수도업",Y2019 2019,9732,1386,37,6,61,-,1313,9,6920
"15133SEJ02 일반사업자","B20 업태별","B24 전기·가스·수도업",Y2020 2020,10512,1805,31,8,58,-,1697,25,6888
"15133SEJ02 일반사업자","B20 업태별","B24 전기·가스·수도업",Y2021 2021,7618,1180,41,2,11,-,1369,9,5006
"15133SEJ02 일반사업자","B20 업태별","B24 전기·가스·수도업",Y2022 2022,6666,799,15,1,21,0,1736,2,4092
"15133SEJ02 일반사업자","B20 업태별","B24 전기·가스·수도업",Y2023 2023,7043,793,24,4,6,-,1606,4,4606
"15133SEJ02 일반사업자","B20 업태별","B25 도매업",Y2019 2019,43680,24186,200,46,637,8,775,10,17818
"15133SEJ02 일반사업자","B20 업태별","B25 도매업",Y2020 2020,38721,22556,168,35,586,7,665,4,14700
"15133SEJ02 일반사업자","B20 업태별","B25 도매업",Y2021 2021,35381,21408,102,24,484,8,626,5,12724
"15133SEJ02 일반사업자","B20 업태별","B25 도매업",Y2022 2022,33617,20062,103,35,453,4,604,14,12342
"15133SEJ02 일반사업자","B20 업태별","B25 도매업",Y2023 2023,38946,23182,116,35,394,3,535,1,14680
"15133SEJ02 일반사업자","B20 업태별","B26 소매업",Y2019 2019,66760,33203,241,75,444,10,1806,30,30951
"15133SEJ02 일반사업자","B20 업태별","B26 소매업",Y2020 2020,65188,34373,199,63,508,7,1804,20,28214
"15133SEJ02 일반사업자","B20 업태별","B26 소매업",Y2021 2021,65280,36685,172,70,510,7,1811,14,26011
"15133SEJ02 일반사업자","B20 업태별","B26 소매업",Y2022 2022,70553,39156,174,94,506,5,1969,20,28629
"15133SEJ02 일반사업자","B20 업태별","B26 소매업",Y2023 2023,93002,52726,340,100,533,4,2204,8,37087
"15133SEJ02 일반사업자","B20 업태별","B27 부동산매매업",Y2019 2019,2425,793,16,1,20,1,35,2,1557
"15133SEJ02 일반사업자","B20 업태별","B27 부동산매매업",Y2020 2020,2914,1038,11,1,26,1,69,3,1765
"15133SEJ02 일반사업자","B20 업태별","B27 부동산매매업",Y2021 2021,2789,891,17,2,18,-,89,7,1765
"15133SEJ02 일반사업자","B20 업태별","B27 부동산매매업",Y2022 2022,2479,879,12,1,12,0,55,5,1515
"15133SEJ02 일반사업자","B20 업태별","B27 부동산매매업",Y2023 2023,2539,983,22,-,6,-,38,1,1489
"15133SEJ02 일반사업자","B20 업태별","B28 건설업",Y2019 2019,40723,20555,207,35,293,6,639,16,18972
"15133SEJ02 일반사업자","B20 업태별","B28 건설업",Y2020 2020,35794,18899,154,40,285,3,540,10,15863
"15133SEJ02 일반사업자","B20 업태별","B28 건설업",Y2021 2021,34355,18993,96,23,295,1,561,18,14368
"15133SEJ02 일반사업자","B20 업태별","B28 건설업",Y2022 2022,32420,17808,80,41,232,1,431,24,13803
"15133SEJ02 일반사업자","B20 업태별","B28 건설업",Y2023 2023,38389,21668,143,28,268,-,460,6,15816
"15133SEJ02 일반사업자","B20 업태별","B29 음식업",Y2019 2019,102130,47953,125,90,315,12,6148,108,47379
"15133SEJ02 일반사업자","B20 업태별","B29 음식업",Y2020 2020,90403,46639,151,58,282,9,5491,66,37707
"15133SEJ02 일반사업자","B20 업태별","B29 음식업",Y2021 2021,77463,43068,98,30,245,-,5224,38,28760
"15133SEJ02 일반사업자","B20 업태별","B29 음식업",Y2022 2022,79115,40775,71,44,262,4,6303,73,31583
"15133SEJ02 일반사업자","B20 업태별","B29 음식업",Y2023 2023,93972,46445,100,68,371,1,8101,58,38828
"15133SEJ02 일반사업자","B20 업태별","B30 숙박업",Y2019 2019,3654,1079,9,7,9,-,469,8,2073
"15133SEJ02 일반사업자","B20 업태별","B30 숙박업",Y2020 2020,3652,1300,5,6,10,-,461,7,1863
"15133SEJ02 일반사업자","B20 업태별","B30 숙박업",Y2021 2021,3549,1286,3,2,14,-,598,3,1643
"15133SEJ02 일반사업자","B20 업태별","B30 숙박업",Y2022 2022,3207,934,6,1,40,0,534,3,1689
"15133SEJ02 일반사업자","B20 업태별","B30 숙박업",Y2023 2023,3390,933,7,3,14,-,582,3,1848
"15133SEJ02 일반사업자","B20 업태별","B31 운수·창고·통신업",Y2019 2019,37997,15672,99,24,142,-,827,25,21208
"15133SEJ02 일반사업자","B20 업태별","B31 운수·창고·통신업",Y2020 2020,34162,15392,56,21,114,-,770,13,17796
"15133SEJ02 일반사업자","B20 업태별","B31 운수·창고·통신업",Y2021 2021,31256,14494,62,22,144,1,789,6,15738
"15133SEJ02 일반사업자","B20 업태별","B31 운수·창고·통신업",Y2022 2022,29645,13859,54,14,102,0,645,13,14958
"15133SEJ02 일반사업자","B20 업태별","B31 운수·창고·통신업",Y2023 2023,31831,14366,98,10,138,-,642,9,16568
"15133SEJ02 일반사업자","B20 업태별","B32 부동산임대업",Y2019 2019,83576,5006,218,14,276,225,14199,118,63520
"15133SEJ02 일반사업자","B20 업태별","B32 부동산임대업",Y2020 2020,84041,5823,249,18,258,74,16506,121,60992
"15133SEJ02 일반사업자","B20 업태별","B32 부동산임대업",Y2021 2021,81524,5945,197,16,172,10,22159,87,52938
"15133SEJ02 일반사업자","B20 업태별","B32 부동산임대업",Y2022 2022,61261,4801,150,15,145,24,14561,67,41498
"15133SEJ02 일반사업자","B20 업태별","B32 부동산임대업",Y2023 2023,51289,4994,314,5,163,15,10024,24,35750
"15133SEJ02 일반사업자","B20 업태별","B33 대리·중개·도급업",Y2019 2019,14304,6454,28,21,65,2,97,8,7629
"15133SEJ02 일반사업자","B20 업태별","B33 대리·중개·도급업",Y2020 2020,12247,6323,23,7,52,2,106,4,5730
"15133SEJ02 일반사업자","B20 업태별","B33 대리·중개·도급업",Y2021 2021,10516,5822,19,6,60,-,83,2,4524
"15133SEJ02 일반사업자","B20 업태별","B33 대리·중개·도급업",Y2022 2022,10373,5589,12,7,41,0,86,2,4636
"15133SEJ02 일반사업자","B20 업태별","B33 대리·중개·도급업",Y2023 2023,11909,5914,28,7,58,3,92,2,5805
"15133SEJ02 일반사업자","B20 업태별","B34 서비스업",Y2019 2019,88443,41062,388,137,1327,21,3462,49,41997
"15133SEJ02 일반사업자","B20 업태별","B34 서비스업",Y2020 2020,84039,41709,322,105,1281,28,3364,37,37193
"15133SEJ02 일반사업자","B20 업태별","B34 서비스업",Y2021 2021,81389,41734,251,70,1313,25,3894,27,34075
"15133SEJ02 일반사업자","B20 업태별","B34 서비스업",Y2022 2022,84892,42984,252,108,1273,19,4021,46,36189
"15133SEJ02 일반사업자","B20 업태별","B34 서비스업",Y2023 2023,99631,51150,379,129,1332,13,3947,23,42658
"15133SEJ03 간이사업자","B01 합계","소계",Y2019 2019,242075,108673,919,468,341,39,6043,134,125458
"15133SEJ03 간이사업자","B01 합계","소계",Y2020 2020,232028,113594,668,363,363,71,6233,92,110644
"15133SEJ03 간이사업자","B01 합계","소계",Y2021 2021,258034,137828,659,304,444,45,8072,91,110591
"15133SEJ03 간이사업자","B01 합계","소계",Y2022 2022,267912,145855,637,345,400,33,7457,91,113094
"15133SEJ03 간이사업자","B01 합계","소계",Y2023 2023,316580,175075,1021,491,413,15,7513,47,132005
"15133SEJ03 간이사업자","B02 지역별","소계",Y2019 2019,242075,108673,919,468,341,39,6043,134,125458
"15133SEJ03 간이사업자","B02 지역별","소계",Y2020 2020,232028,113594,668,363,363,71,6233,92,110644
"15133SEJ03 간이사업자","B02 지역별","소계",Y2021 2021,258034,137828,659,304,444,45,8072,91,110591
"15133SEJ03 간이사업자","B02 지역별","소계",Y2022 2022,267912,145855,637,345,400,33,7457,91,113094
"15133SEJ03 간이사업자","B02 지역별","소계",Y2023 2023,316580,175075,1021,491,413,15,7513,47,132005
"15133SEJ03 간이사업자","B02 지역별","B03 서울",Y2019 2019,42044,19662,206,74,89,3,1047,11,20952
"15133SEJ03 간이사업자","B02 지역별","B03 서울",Y2020 2020,40982,20822,126,63,84,9,1064,14,18800
"15133SEJ03 간이사업자","B02 지역별","B03 서울",Y2021 2021,48051,27113,146,50,106,3,1269,12,19352
"15133SEJ03 간이사업자","B02 지역별","B03 서울",Y2022 2022,47956,27463,104,50,95,0,1070,10,19164
"15133SEJ03 간이사업자","B02 지역별","B03 서울",Y2023 2023,56099,32172,168,82,104,-,947,1,22625
"15133SEJ03 간이사업자","B02 지역별","B04 인천",Y2019 2019,13283,5149,48,17,16,3,349,3,7698
"15133SEJ03 간이사업자","B02 지역별","B04 인천",Y2020 2020,13345,6525,31,23,11,2,388,4,6361
"15133SEJ03 간이사업자","B02 지역별","B04 인천",Y2021 2021,15181,8359,35,14,20,2,611,4,6136
"15133SEJ03 간이사업자","B02 지역별","B04 인천",Y2022 2022,16119,9131,44,24,23,3,606,5,6283
"15133SEJ03 간이사업자","B02 지역별","B04 인천",Y2023 2023,20121,11508,82,41,17,-,652,1,7820
"15133SEJ03 간이사업자","B02 지역별","B05 경기",Y2019 2019,54617,24704,316,101,74,11,1702,20,27689
"15133SEJ03 간이사업자","B02 지역별","B05 경기",Y2020 2020,56391,28106,256,75,80,4,1816,16,26038
"15133SEJ03 간이사업자","B02 지역별","B05 경기",Y2021 2021,65673,35959,216,76,114,11,2478,35,26784
"15133SEJ03 간이사업자","B02 지역별","B05 경기",Y2022 2022,69238,39290,228,94,109,4,2315,32,27166
"15133SEJ03 간이사업자","B02 지역별","B05 경기",Y2023 2023,83105,48778,384,118,114,3,2081,10,31617
"15133SEJ03 간이사업자","B02 지역별","B06 강원",Y2019 2019,8671,3898,24,73,7,-,247,12,4410
"15133SEJ03 간이사업자","B02 지역별","B06 강원",Y2020 2020,7803,3592,15,43,12,1,169,6,3965
"15133SEJ03 간이사업자","B02 지역별","B06 강원",Y2021 2021,8071,4035,15,20,12,4,192,2,3791
"15133SEJ03 간이사업자","B02 지역별","B06 강원",Y2022 2022,8647,3813,21,32,17,7,195,4,4558
"15133SEJ03 간이사업자","B02 지역별","B06 강원",Y2023 2023,9887,4712,47,36,18,3,148,4,4919
"15133SEJ03 간이사업자","B02 지역별","B07 대전",Y2019 2019,7441,3589,18,13,12,1,287,2,3519
"15133SEJ03 간이사업자","B02 지역별","B07 대전",Y2020 2020,7506,3921,21,13,17,6,245,1,3282
"15133SEJ03 간이사업자","B02 지역별","B07 대전",Y2021 2021,7897,4031,16,13,6,1,343,2,3485
"15133SEJ03 간이사업자","B02 지역별","B07 대전",Y2022 2022,8277,4361,12,5,6,0,265,3,3625
"15133SEJ03 간이사업자","B02 지역별","B07 대전",Y2023 2023,9806,5544,20,14,18,1,307,1,3901
"15133SEJ03 간이사업자","B02 지역별","B08 충북",Y2019 2019,8616,3496,22,16,14,3,152,2,4911
"15133SEJ03 간이사업자","B02 지역별","B08 충북",Y2020 2020,8068,3689,15,6,12,8,190,2,4146
"15133SEJ03 간이사업자","B02 지역별","B08 충북",Y2021 2021,8728,4392,14,10,16,1,209,5,4081
"15133SEJ03 간이사업자","B02 지역별","B08 충북",Y2022 2022,8867,4478,14,17,16,2,162,2,4176
"15133SEJ03 간이사업자","B02 지역별","B08 충북",Y2023 2023,10292,5034,14,20,8,-,182,1,5033
"15133SEJ03 간이사업자","B02 지역별","B09 충남",Y2019 2019,10675,4565,18,26,14,1,302,23,5726
"15133SEJ03 간이사업자","B02 지역별","B09 충남",Y2020 2020,9920,4598,25,13,15,7,361,3,4898
"15133SEJ03 간이사업자","B02 지역별","B09 충남",Y2021 2021,10859,5611,29,15,19,3,387,5,4790
"15133SEJ03 간이사업자","B02 지역별","B09 충남",Y2022 2022,11055,5656,20,12,13,0,395,6,4953
"15133SEJ03 간이사업자","B02 지역별","B09 충남",Y2023 2023,13022,6412,36,26,8,1,515,2,6022
"15133SEJ03 간이사업자","B02 지역별","B10 세종",Y2019 2019,1204,582,3,1,2,-,34,1,581
"15133SEJ03 간이사업자","B02 지역별","B10 세종",Y2020 2020,1218,670,3,1,3,-,36,-,505
"15133SEJ03 간이사업자","B02 지역별","B10 세종",Y2021 2021,1510,834,3,2,2,-,38,-,631
"15133SEJ03 간이사업자","B02 지역별","B10 세종",Y2022 2022,1590,835,8,2,2,0,31,0,712
"15133SEJ03 간이사업자","B02 지역별","B10 세종",Y2023 2023,1997,1109,14,5,3,-,24,-,842
"15133SEJ03 간이사업자","B02 지역별","B11 광주",Y2019 2019,7408,3284,58,12,14,5,152,5,3878
"15133SEJ03 간이사업자","B02 지역별","B11 광주",Y2020 2020,7142,3556,10,7,20,13,207,2,3327
"15133SEJ03 간이사업자","B02 지역별","B11 광주",Y2021 2021,7476,4044,42,10,15,2,270,3,3090
"15133SEJ03 간이사업자","B02 지역별","B11 광주",Y2022 2022,7405,3944,21,11,14,1,209,0,3205
"15133SEJ03 간이사업자","B02 지역별","B11 광주",Y2023 2023,8756,4676,26,16,9,-,160,1,3868
"15133SEJ03 간이사업자","B02 지역별","B12 전북",Y2019 2019,9764,4844,12,17,15,-,177,5,4694
"15133SEJ03 간이사업자","B02 지역별","B12 전북",Y2020 2020,8552,4453,22,14,12,-,164,7,3880
"15133SEJ03 간이사업자","B02 지역별","B12 전북",Y2021 2021,8946,4662,16,8,16,-,166,1,4077
"15133SEJ03 간이사업자","B02 지역별","B12 전북",Y2022 2022,8858,4613,31,4,10,1,193,1,4005
"15133SEJ03 간이사업자","B02 지역별","B12 전북",Y2023 2023,10318,5383,16,15,17,-,138,2,4747
"15133SEJ03 간이사업자","B02 지역별","B13 전남",Y2019 2019,8739,2999,11,19,17,4,197,30,5462
"15133SEJ03 간이사업자","B02 지역별","B13 전남",Y2020 2020,7910,3091,10,15,13,6,232,17,4526
"15133SEJ03 간이사업자","B02 지역별","B13 전남",Y2021 2021,7829,3511,12,8,16,2,279,3,3998
"15133SEJ03 간이사업자","B02 지역별","B13 전남",Y2022 2022,8114,3547,15,12,16,5,207,2,4310
"15133SEJ03 간이사업자","B02 지역별","B13 전남",Y2023 2023,9812,4191,12,15,8,-,182,5,5399
"15133SEJ03 간이사업자","B02 지역별","B14 대구",Y2019 2019,12756,4579,50,8,10,2,243,2,7862
"15133SEJ03 간이사업자","B02 지역별","B14 대구",Y2020 2020,11383,4515,35,14,9,4,177,9,6620
"15133SEJ03 간이사업자","B02 지역별","B14 대구",Y2021 2021,12348,6024,21,13,16,5,284,3,5982
"15133SEJ03 간이사업자","B02 지역별","B14 대구",Y2022 2022,12592,7122,23,20,10,2,258,2,5155
"15133SEJ03 간이사업자","B02 지역별","B14 대구",Y2023 2023,14824,8383,24,19,7,2,268,4,6117
"15133SEJ03 간이사업자","B02 지역별","B15 경북",Y2019 2019,13726,6878,27,24,17,-,223,4,6553
"15133SEJ03 간이사업자","B02 지역별","B15 경북",Y2020 2020,12411,6285,42,14,19,5,263,1,5782
"15133SEJ03 간이사업자","B02 지역별","B15 경북",Y2021 2021,12761,6481,33,11,17,4,342,2,5871
"15133SEJ03 간이사업자","B02 지역별","B15 경북",Y2022 2022,13479,7059,22,17,10,5,392,12,5962
"15133SEJ03 간이사업자","B02 지역별","B15 경북",Y2023 2023,15849,8130,21,21,19,2,412,8,7236
"15133SEJ03 간이사업자","B02 지역별","B16 부산",Y2019 2019,15992,8005,26,17,13,3,357,9,7562
"15133SEJ03 간이사업자","B02 지역별","B16 부산",Y2020 2020,14890,7732,15,25,19,-,304,3,6792
"15133SEJ03 간이사업자","B02 지역별","B16 부산",Y2021 2021,16606,9049,19,16,37,1,423,8,7053
"15133SEJ03 간이사업자","B02 지역별","B16 부산",Y2022 2022,17968,10054,34,16,15,1,343,6,7499
"15133SEJ03 간이사업자","B02 지역별","B16 부산",Y2023 2023,20208,11635,78,22,18,3,581,1,7870
"15133SEJ03 간이사업자","B02 지역별","B17 울산",Y2019 2019,5670,2230,14,1,5,1,108,2,3309
"15133SEJ03 간이사업자","B02 지역별","B17 울산",Y2020 2020,5124,2375,6,3,5,3,105,1,2626
"15133SEJ03 간이사업자","B02 지역별","B17 울산",Y2021 2021,5531,2896,9,4,7,1,174,2,2438
"15133SEJ03 간이사업자","B02 지역별","B17 울산",Y2022 2022,5749,3117,6,2,13,0,188,0,2423
"15133SEJ03 간이사업자","B02 지역별","B17 울산",Y2023 2023,6643,4024,13,5,7,-,236,-,2358
"15133SEJ03 간이사업자","B02 지역별","B18 경남",Y2019 2019,17540,8929,66,37,15,1,366,2,8124
"15133SEJ03 간이사업자","B02 지역별","B18 경남",Y2020 2020,15623,8075,27,26,22,3,417,6,7047
"15133SEJ03 간이사업자","B02 지역별","B18 경남",Y2021 2021,16744,9012,24,25,21,5,500,3,7154
"15133SEJ03 간이사업자","B02 지역별","B18 경남",Y2022 2022,17876,9496,26,20,24,2,541,3,7764
"15133SEJ03 간이사업자","B02 지역별","B18 경남",Y2023 2023,20477,11063,56,24,32,-,562,5,8735
"15133SEJ03 간이사업자","B02 지역별","B19 제주",Y2019 2019,3929,1280,-,12,7,1,100,1,2528
"15133SEJ03 간이사업자","B02 지역별","B19 제주",Y2020 2020,3760,1589,9,8,10,-,95,-,2049
"15133SEJ03 간이사업자","B02 지역별","B19 제주",Y2021 2021,3823,1815,9,9,4,-,107,1,1878
"15133SEJ03 간이사업자","B02 지역별","B19 제주",Y2022 2022,4122,1876,8,7,7,0,87,3,2134
"15133SEJ03 간이사업자","B02 지역별","B19 제주",Y2023 2023,5364,2321,10,12,6,-,118,1,2896
"15133SEJ03 간이사업자","B20 업태별","소계",Y2019 2019,242075,108673,919,468,341,39,6043,134,125458
"15133SEJ03 간이사업자","B20 업태별","소계",Y2020 2020,232028,113594,668,363,363,71,6233,92,110644
"15133SEJ03 간이사업자","B20 업태별","소계",Y2021 2021,258034,137828,659,304,444,45,8072,91,110591
"15133SEJ03 간이사업자","B20 업태별","소계",Y2022 2022,267912,145855,637,345,400,33,7457,91,113094
"15133SEJ03 간이사업자","B20 업태별","소계",Y2023 2023,316580,175075,1021,491,413,15,7513,47,132005
"15133SEJ03 간이사업자","B20 업태별","B21 농·임·어업",Y2019 2019,183,72,-,2,4,-,1,-,104
"15133SEJ03 간이사업자","B20 업태별","B21 농·임·어업",Y2020 2020,150,57,-,1,3,-,4,-,85
"15133SEJ03 간이사업자","B20 업태별","B21 농·임·어업",Y2021 2021,212,88,2,-,2,-,1,1,118
"15133SEJ03 간이사업자","B20 업태별","B21 농·임·어업",Y2022 2022,235,103,1,3,4,0,0,0,124
"15133SEJ03 간이사업자","B20 업태별","B21 농·임·어업",Y2023 2023,360,152,2,2,2,-,2,-,200
"15133SEJ03 간이사업자","B20 업태별","B22 광업",Y2021 2021,-,-,-,-,-,-,-,-,-
"15133SEJ03 간이사업자","B20 업태별","B22 광업",Y2022 2022,0,0,0,0,0,0,0,0,0
"15133SEJ03 간이사업자","B20 업태별","B22 광업",Y2023 2023,-,-,-,-,-,-,-,-,-
"15133SEJ03 간이사업자","B20 업태별","B23 제조업",Y2019 2019,2267,1018,8,3,10,-,62,4,1162
"15133SEJ03 간이사업자","B20 업태별","B23 제조업",Y2020 2020,2000,1002,5,1,12,-,48,3,929
"15133SEJ03 간이사업자","B20 업태별","B23 제조업",Y2021 2021,2312,1312,5,2,13,1,53,-,926
"15133SEJ03 간이사업자","B20 업태별","B23 제조업",Y2022 2022,2609,1478,7,2,6,1,59,0,1056
"15133SEJ03 간이사업자","B20 업태별","B23 제조업",Y2023 2023,2790,1538,8,6,7,-,65,-,1166
"15133SEJ03 간이사업자","B20 업태별","B24 전기·가스·수도업",Y2019 2019,22,5,-,-,-,-,1,1,15
"15133SEJ03 간이사업자","B20 업태별","B24 전기·가스·수도업",Y2020 2020,22,2,2,-,-,-,6,-,12
"15133SEJ03 간이사업자","B20 업태별","B24 전기·가스·수도업",Y2021 2021,9,1,-,-,-,-,2,-,6
"15133SEJ03 간이사업자","B20 업태별","B24 전기·가스·수도업",Y2022 2022,2,1,0,0,0,0,0,0,1
"15133SEJ03 간이사업자","B20 업태별","B24 전기·가스·수도업",Y2023 2023,-,-,-,-,-,-,-,-,-
"15133SEJ03 간이사업자","B20 업태별","B25 도매업",Y2019 2019,345,174,1,1,1,1,2,-,165
"15133SEJ03 간이사업자","B20 업태별","B25 도매업",Y2020 2020,303,156,1,2,3,-,1,-,140
"15133SEJ03 간이사업자","B20 업태별","B25 도매업",Y2021 2021,327,182,1,-,2,-,-,-,142
"15133SEJ03 간이사업자","B20 업태별","B25 도매업",Y2022 2022,298,170,0,0,0,2,4,0,122
"15133SEJ03 간이사업자","B20 업태별","B25 도매업",Y2023 2023,206,125,2,1,-,-,1,-,77
"15133SEJ03 간이사업자","B20 업태별","B26 소매업",Y2019 2019,92741,48408,410,212,115,11,407,15,43163
"15133SEJ03 간이사업자","B20 업태별","B26 소매업",Y2020 2020,96008,54091,322,213,133,9,519,9,40712
"15133SEJ03 간이사업자","B20 업태별","B26 소매업",Y2021 2021,112761,69984,303,190,198,9,751,4,41322
"15133SEJ03 간이사업자","B20 업태별","B26 소매업",Y2022 2022,124792,78543,351,207,181,10,767,13,44720
"15133SEJ03 간이사업자","B20 업태별","B26 소매업",Y2023 2023,162132,102105,557,288,206,5,862,3,58106
"15133SEJ03 간이사업자","B20 업태별","B27 부동산매매업",Y2019 2019,6,4,-,-,-,-,-,-,2
"15133SEJ03 간이사업자","B20 업태별","B27 부동산매매업",Y2020 2020,6,3,-,-,-,-,-,-,3
"15133SEJ03 간이사업자","B20 업태별","B27 부동산매매업",Y2021 2021,9,2,-,-,-,-,-,-,7
"15133SEJ03 간이사업자","B20 업태별","B27 부동산매매업",Y2022 2022,7,1,0,0,0,0,0,0,6
"15133SEJ03 간이사업자","B20 업태별","B27 부동산매매업",Y2023 2023,8,5,-,-,-,-,-,-,3
"15133SEJ03 간이사업자","B20 업태별","B28 건설업",Y2019 2019,858,451,6,1,1,1,1,-,397
"15133SEJ03 간이사업자","B20 업태별","B28 건설업",Y2020 2020,787,427,3,1,4,-,-,-,352
"15133SEJ03 간이사업자","B20 업태별","B28 건설업",Y2021 2021,1692,926,4,2,4,-,2,1,753
"15133SEJ03 간이사업자","B20 업태별","B28 건설업",Y2022 2022,3401,2095,6,3,7,0,4,0,1286
"15133SEJ03 간이사업자","B20 업태별","B28 건설업",Y2023 2023,4006,2387,22,7,6,-,2,-,1582
"15133SEJ03 간이사업자","B20 업태별","B29 음식업",Y2019 2019,55450,26646,86,107,42,1,1644,39,26885
"15133SEJ03 간이사업자","B20 업태별","B29 음식업",Y2020 2020,45499,24025,72,55,41,-,1375,21,19910
"15133SEJ03 간이사업자","B20 업태별","B29 음식업",Y2021 2021,46307,26427,57,34,39,-,1671,18,18061
"15133SEJ03 간이사업자","B20 업태별","B29 음식업",Y2022 2022,52662,29070,60,48,45,1,1986,20,21432
"15133SEJ03 간이사업자","B20 업태별","B29 음식업",Y2023 2023,58524,31354,75,82,41,1,2458,14,24499
"15133SEJ03 간이사업자","B20 업태별","B30 숙박업",Y2019 2019,3111,1174,15,5,1,-,137,2,1777
"15133SEJ03 간이사업자","B20 업태별","B30 숙박업",Y2020 2020,2865,1237,9,7,4,-,144,1,1463
"15133SEJ03 간이사업자","B20 업태별","B30 숙박업",Y2021 2021,2847,1231,9,4,2,-,155,1,1445
"15133SEJ03 간이사업자","B20 업태별","B30 숙박업",Y2022 2022,2784,1059,6,6,3,0,173,4,1533
"15133SEJ03 간이사업자","B20 업태별","B30 숙박업",Y2023 2023,2849,1033,11,9,3,-,192,1,1600
"15133SEJ03 간이사업자","B20 업태별","B31 운수·창고·통신업",Y2019 2019,11508,2011,36,4,2,-,558,16,8881
"15133SEJ03 간이사업자","B20 업태별","B31 운수·창고·통신업",Y2020 2020,10716,2267,35,10,3,-,614,9,7778
"15133SEJ03 간이사업자","B20 업태별","B31 운수·창고·통신업",Y2021 2021,14344,3532,41,3,15,2,914,7,9830
"15133SEJ03 간이사업자","B20 업태별","B31 운수·창고·통신업",Y2022 2022,14275,3454,37,6,12,1,941,14,9810
"15133SEJ03 간이사업자","B20 업태별","B31 운수·창고·통신업",Y2023 2023,14950,3620,61,6,11,-,1027,6,10219
"15133SEJ03 간이사업자","B20 업태별","B32 부동산임대업",Y2019 2019,19743,2029,121,5,21,1,2173,23,15370
"15133SEJ03 간이사업자","B20 업태별","B32 부동산임대업",Y2020 2020,21463,2433,81,3,28,7,2599,31,16281
"15133SEJ03 간이사업자","B20 업태별","B32 부동산임대업",Y2021 2021,23276,2502,82,5,21,5,3556,42,17063
"15133SEJ03 간이사업자","B20 업태별","B32 부동산임대업",Y2022 2022,17613,2010,45,5,19,3,2266,16,13249
"15133SEJ03 간이사업자","B20 업태별","B32 부동산임대업",Y2023 2023,14534,2025,96,3,21,1,1378,13,10997
"15133SEJ03 간이사업자","B20 업태별","B33 대리·중개·도급업",Y2019 2019,470,264,4,1,2,-,-,-,199
"15133SEJ03 간이사업자","B20 업태별","B33 대리·중개·도급업",Y2020 2020,507,290,-,1,-,-,1,-,215
"15133SEJ03 간이사업자","B20 업태별","B33 대리·중개·도급업",Y2021 2021,431,268,1,-,3,-,-,-,159
"15133SEJ03 간이사업자","B20 업태별","B33 대리·중개·도급업",Y2022 2022,47,27,0,0,1,0,0,0,19
"15133SEJ03 간이사업자","B20 업태별","B33 대리·중개·도급업",Y2023 2023,30,9,-,-,-,-,-,-,21
"15133SEJ03 간이사업자","B20 업태별","B34 서비스업",Y2019 2019,55371,26417,232,127,142,24,1057,34,27338
"15133SEJ03 간이사업자","B20 업태별","B34 서비스업",Y2020 2020,51702,27604,138,69,132,55,922,18,22764
"15133SEJ03 간이사업자","B20 업태별","B34 서비스업",Y2021 2021,53507,31373,154,64,145,28,967,17,20759
"15133SEJ03 간이사업자","B20 업태별","B34 서비스업",Y2022 2022,49187,27844,124,65,122,15,1257,24,19736
"15133SEJ03 간이사업자","B20 업태별","B34 서비스업",Y2023 2023,56191,30722,187,87,116,8,1526,10,23535
"15133SEJ09 면세사업자","B01 합계","소계",Y2019 2019,84120,30090,182,121,490,208,2450,54,50525
"15133SEJ09 면세사업자","B01 합계","소계",Y2020 2020,105615,31668,400,114,526,182,3977,64,68684
"15133SEJ09 면세사업자","B01 합계","소계",Y2021 2021,104317,31129,452,109,353,166,3945,69,68094
"15133SEJ09 면세사업자","B01 합계","소계",Y2022 2022,93701,30114,423,106,410,179,2986,62,59421
"15133SEJ09 면세사업자","B01 합계","소계",Y2023 2023,94562,34377,368,124,421,226,2809,32,56205
"15133SEJ09 면세사업자","B02 지역별","소계",Y2019 2019,84120,30090,182,121,490,208,2450,54,50525
"15133SEJ09 면세사업자","B02 지역별","소계",Y2020 2020,105615,31668,400,114,526,182,3977,64,68684
"15133SEJ09 면세사업자","B02 지역별","소계",Y2021 2021,104317,31129,452,109,353,166,3945,69,68094
"15133SEJ09 면세사업자","B02 지역별","소계",Y2022 2022,93701,30114,423,106,410,179,2986,62,59421
"15133SEJ09 면세사업자","B02 지역별","소계",Y2023 2023,94562,34377,368,124,421,226,2809,32,56205
"15133SEJ09 면세사업자","B02 지역별","B03 서울",Y2019 2019,17146,5677,37,12,145,48,708,13,10506
"15133SEJ09 면세사업자","B02 지역별","B03 서울",Y2020 2020,23595,5861,132,16,188,44,1072,14,16268
"15133SEJ09 면세사업자","B02 지역별","B03 서울",Y2021 2021,23512,5686,125,11,93,36,898,19,16644
"15133SEJ09 면세사업자","B02 지역별","B03 서울",Y2022 2022,20451,5387,108,10,118,38,738,13,14039
"15133SEJ09 면세사업자","B02 지역별","B03 서울",Y2023 2023,18574,5893,86,6,109,64,544,3,11869
"15133SEJ09 면세사업자","B02 지역별","B04 인천",Y2019 2019,4407,1394,12,2,24,16,124,1,2834
"15133SEJ09 면세사업자","B02 지역별","B04 인천",Y2020 2020,6009,1634,19,3,18,9,275,1,4050
"15133SEJ09 면세사업자","B02 지역별","B04 인천",Y2021 2021,6116,1647,35,6,11,13,270,1,4133
"15133SEJ09 면세사업자","B02 지역별","B04 인천",Y2022 2022,5302,1667,26,2,19,6,201,2,3379
"15133SEJ09 면세사업자","B02 지역별","B04 인천",Y2023 2023,5565,1975,31,1,22,17,224,3,3292
"15133SEJ09 면세사업자","B02 지역별","B05 경기",Y2019 2019,21100,7119,66,19,120,37,737,11,12991
"15133SEJ09 면세사업자","B02 지역별","B05 경기",Y2020 2020,28208,8020,116,19,138,44,1244,17,18610
"15133SEJ09 면세사업자","B02 지역별","B05 경기",Y2021 2021,27995,7908,148,23,77,59,1202,16,18562
"15133SEJ09 면세사업자","B02 지역별","B05 경기",Y2022 2022,24645,7668,171,18,106,66,911,24,15681
"15133SEJ09 면세사업자","B02 지역별","B05 경기",Y2023 2023,24946,8918,117,27,133,74,898,15,14764
"15133SEJ09 면세사업자","B02 지역별","B06 강원",Y2019 2019,2494,1000,2,10,8,8,61,1,1404
"15133SEJ09 면세사업자","B02 지역별","B06 강원",Y2020 2020,2785,965,8,6,9,8,76,1,1712
"15133SEJ09 면세사업자","B02 지역별","B06 강원",Y2021 2021,2991,961,4,6,11,8,99,1,1901
"15133SEJ09 면세사업자","B02 지역별","B06 강원",Y2022 2022,2909,865,8,8,10,9,57,3,1949
"15133SEJ09 면세사업자","B02 지역별","B06 강원",Y2023 2023,2933,1057,10,5,12,12,44,1,1792
"15133SEJ09 면세사업자","B02 지역별","B07 대전",Y2019 2019,2259,929,6,4,9,5,69,1,1236
"15133SEJ09 면세사업자","B02 지역별","B07 대전",Y2020 2020,2815,873,4,4,9,5,135,-,1785
"15133SEJ09 면세사업자","B02 지역별","B07 대전",Y2021 2021,2590,795,11,4,9,2,142,1,1626
"15133SEJ09 면세사업자","B02 지역별","B07 대전",Y2022 2022,2224,805,7,1,6,0,92,0,1313
"15133SEJ09 면세사업자","B02 지역별","B07 대전",Y2023 2023,2348,951,5,4,6,3,87,-,1292
"15133SEJ09 면세사업자","B02 지역별","B08 충북",Y2019 2019,2336,821,5,6,7,8,49,1,1439
"15133SEJ09 면세사업자","B02 지역별","B08 충북",Y2020 2020,2849,950,6,4,13,2,89,-,1785
"15133SEJ09 면세사업자","B02 지역별","B08 충북",Y2021 2021,2763,887,6,5,4,3,120,2,1736
"15133SEJ09 면세사업자","B02 지역별","B08 충북",Y2022 2022,2504,828,7,6,11,3,80,2,1567
"15133SEJ09 면세사업자","B02 지역별","B08 충북",Y2023 2023,2681,883,7,3,9,2,75,-,1702
"15133SEJ09 면세사업자","B02 지역별","B09 충남",Y2019 2019,3811,1364,9,10,20,16,96,3,2293
"15133SEJ09 면세사업자","B02 지역별","B09 충남",Y2020 2020,4439,1412,11,7,23,12,154,1,2819
"15133SEJ09 면세사업자","B02 지역별","B09 충남",Y2021 2021,4291,1417,12,6,23,8,195,4,2626
"15133SEJ09 면세사업자","B02 지역별","B09 충남",Y2022 2022,3852,1243,9,5,15,7,154,3,2416
"15133SEJ09 면세사업자","B02 지역별","B09 충남",Y2023 2023,4164,1434,23,9,16,8,136,-,2538
"15133SEJ09 면세사업자","B02 지역별","B10 세종",Y2019 2019,584,201,1,3,4,6,19,-,350
"15133SEJ09 면세사업자","B02 지역별","B10 세종",Y2020 2020,946,260,2,2,9,1,45,-,627
"15133SEJ09 면세사업자","B02 지역별","B10 세종",Y2021 2021,861,223,8,2,5,-,43,1,579
"15133SEJ09 면세사업자","B02 지역별","B10 세종",Y2022 2022,734,204,4,0,3,0,25,1,497
"15133SEJ09 면세사업자","B02 지역별","B10 세종",Y2023 2023,774,257,2,1,8,2,31,-,473
"15133SEJ09 면세사업자","B02 지역별","B11 광주",Y2019 2019,2334,905,3,1,19,5,67,1,1333
"15133SEJ09 면세사업자","B02 지역별","B11 광주",Y2020 2020,2754,947,16,3,17,6,118,-,1647
"15133SEJ09 면세사업자","B02 지역별","B11 광주",Y2021 2021,2550,982,3,1,18,-,130,3,1413
"15133SEJ09 면세사업자","B02 지역별","B11 광주",Y2022 2022,2304,873,0,1,14,2,67,2,1345
"15133SEJ09 면세사업자","B02 지역별","B11 광주",Y2023 2023,2466,995,7,2,10,2,62,-,1388
"15133SEJ09 면세사업자","B02 지역별","B12 전북",Y2019 2019,2942,1320,3,10,20,5,53,2,1529
"15133SEJ09 면세사업자","B02 지역별","B12 전북",Y2020 2020,3218,1326,11,3,17,3,84,8,1766
"15133SEJ09 면세사업자","B02 지역별","B12 전북",Y2021 2021,3218,1205,5,4,11,4,77,3,1909
"15133SEJ09 면세사업자","B02 지역별","B12 전북",Y2022 2022,2967,1179,4,2,7,5,53,3,1714
"15133SEJ09 면세사업자","B02 지역별","B12 전북",Y2023 2023,3381,1372,5,5,8,5,67,-,1919
"15133SEJ09 면세사업자","B02 지역별","B13 전남",Y2019 2019,3896,1299,2,9,26,9,60,11,2480
"15133SEJ09 면세사업자","B02 지역별","B13 전남",Y2020 2020,4071,1376,5,8,11,6,89,5,2571
"15133SEJ09 면세사업자","B02 지역별","B13 전남",Y2021 2021,3892,1284,11,9,18,2,79,1,2488
"15133SEJ09 면세사업자","B02 지역별","B13 전남",Y2022 2022,3807,1237,10,8,20,3,67,1,2461
"15133SEJ09 면세사업자","B02 지역별","B13 전남",Y2023 2023,4034,1360,20,9,16,4,63,4,2558
"15133SEJ09 면세사업자","B02 지역별","B14 대구",Y2019 2019,3425,1108,2,2,18,13,65,-,2217
"15133SEJ09 면세사업자","B02 지역별","B14 대구",Y2020 2020,4097,1108,9,2,15,7,99,6,2851
"15133SEJ09 면세사업자","B02 지역별","B14 대구",Y2021 2021,3763,1224,10,3,5,9,108,8,2396
"15133SEJ09 면세사업자","B02 지역별","B14 대구",Y2022 2022,3374,1388,18,8,16,6,80,0,1858
"15133SEJ09 면세사업자","B02 지역별","B14 대구",Y2023 2023,3671,1593,11,7,14,6,97,1,1942
"15133SEJ09 면세사업자","B02 지역별","B15 경북",Y2019 2019,4339,1863,9,18,14,12,65,2,2356
"15133SEJ09 면세사업자","B02 지역별","B15 경북",Y2020 2020,4834,1864,24,14,19,12,84,2,2815
"15133SEJ09 면세사업자","B02 지역별","B15 경북",Y2021 2021,4672,1692,24,15,17,3,119,3,2799
"15133SEJ09 면세사업자","B02 지역별","B15 경북",Y2022 2022,4322,1660,9,12,15,6,113,3,2504
"15133SEJ09 면세사업자","B02 지역별","B15 경북",Y2023 2023,4611,1824,8,19,17,6,114,1,2622
"15133SEJ09 면세사업자","B02 지역별","B16 부산",Y2019 2019,4604,1914,14,4,25,11,127,3,2506
"15133SEJ09 면세사업자","B02 지역별","B16 부산",Y2020 2020,5858,1914,17,5,16,9,190,4,3703
"15133SEJ09 면세사업자","B02 지역별","B16 부산",Y2021 2021,5754,1929,11,2,25,10,174,2,3601
"15133SEJ09 면세사업자","B02 지역별","B16 부산",Y2022 2022,5212,1921,27,5,18,6,115,0,3120
"15133SEJ09 면세사업자","B02 지역별","B16 부산",Y2023 2023,5251,2230,22,2,15,8,142,1,2831
"15133SEJ09 면세사업자","B02 지역별","B17 울산",Y2019 2019,1538,515,2,1,12,3,37,1,967
"15133SEJ09 면세사업자","B02 지역별","B17 울산",Y2020 2020,1717,516,6,1,3,2,43,2,1144
"15133SEJ09 면세사업자","B02 지역별","B17 울산",Y2021 2021,1668,599,4,-,5,-,70,-,990
"15133SEJ09 면세사업자","B02 지역별","B17 울산",Y2022 2022,1480,543,3,3,11,3,66,1,850
"15133SEJ09 면세사업자","B02 지역별","B17 울산",Y2023 2023,1607,704,6,2,5,-,67,-,823
"15133SEJ09 면세사업자","B02 지역별","B18 경남",Y2019 2019,5488,2324,7,7,16,4,90,2,3038
"15133SEJ09 면세사업자","B02 지역별","B18 경남",Y2020 2020,5763,2214,11,9,16,10,140,2,3361
"15133SEJ09 면세사업자","B02 지역별","B18 경남",Y2021 2021,5971,2221,29,7,16,8,171,2,3517
"15133SEJ09 면세사업자","B02 지역별","B18 경남",Y2022 2022,5963,2146,10,9,18,10,133,4,3633
"15133SEJ09 면세사업자","B02 지역별","B18 경남",Y2023 2023,5859,2347,7,14,17,8,134,2,3330
"15133SEJ09 면세사업자","B02 지역별","B19 제주",Y2019 2019,1417,337,2,3,3,2,23,1,1046
"15133SEJ09 면세사업자","B02 지역별","B19 제주",Y2020 2020,1657,428,3,8,5,2,40,1,1170
"15133SEJ09 면세사업자","B02 지역별","B19 제주",Y2021 2021,1710,469,6,5,5,1,48,2,1174
"15133SEJ09 면세사업자","B02 지역별","B19 제주",Y2022 2022,1651,500,2,8,3,9,34,0,1095
"15133SEJ09 면세사업자","B02 지역별","B19 제주",Y2023 2023,1697,584,1,8,4,5,24,1,1070
"15133SEJ09 면세사업자","B20 업태별","소계",Y2019 2019,84120,30090,182,121,490,208,2450,54,50525
"15133SEJ09 면세사업자","B20 업태별","소계",Y2020 2020,105615,31668,400,114,526,182,3977,64,68684
"15133SEJ09 면세사업자","B20 업태별","소계",Y2021 2021,104317,31129,452,109,353,166,3945,69,68094
"15133SEJ09 면세사업자","B20 업태별","소계",Y2022 2022,93701,30114,423,106,410,179,2986,62,59421
"15133SEJ09 면세사업자","B20 업태별","소계",Y2023 2023,94562,34377,368,124,421,226,2809,32,56205
"15133SEJ09 면세사업자","B20 업태별","B21 농·임·어업",Y2019 2019,5072,1566,12,26,25,9,66,9,3359
"15133SEJ09 면세사업자","B20 업태별","B21 농·임·어업",Y2020 2020,4954,1700,15,14,28,11,71,5,3110
"15133SEJ09 면세사업자","B20 업태별","B21 농·임·어업",Y2021 2021,5183,1695,14,19,24,6,95,1,3329
"15133SEJ09 면세사업자","B20 업태별","B21 농·임·어업",Y2022 2022,5646,1590,17,33,26,4,72,1,3903
"15133SEJ09 면세사업자","B20 업태별","B21 농·임·어업",Y2023 2023,5594,1825,15,28,18,9,80,6,3613
"15133SEJ09 면세사업자","B20 업태별","B22 광업",Y2019 2019,55,12,-,-,-,-,1,-,42
"15133SEJ09 면세사업자","B20 업태별","B22 광업",Y2020 2020,57,10,1,-,1,-,-,-,45
"15133SEJ09 면세사업자","B20 업태별","B22 광업",Y2021 2021,52,7,-,-,-,-,-,-,45
"15133SEJ09 면세사업자","B20 업태별","B22 광업",Y2022 2022,63,9,0,0,0,0,0,0,54
"15133SEJ09 면세사업자","B20 업태별","B22 광업",Y2023 2023,47,5,-,-,-,-,3,-,39
"15133SEJ09 면세사업자","B20 업태별","B23 제조업",Y2019 2019,1885,848,4,5,24,3,40,2,959
"15133SEJ09 면세사업자","B20 업태별","B23 제조업",Y2020 2020,1806,872,3,4,35,11,42,-,839
"15133SEJ09 면세사업자","B20 업태별","B23 제조업",Y2021 2021,1870,840,5,3,34,6,63,-,919
"15133SEJ09 면세사업자","B20 업태별","B23 제조업",Y2022 2022,1575,743,8,2,27,2,42,0,751
"15133SEJ09 면세사업자","B20 업태별","B23 제조업",Y2023 2023,1888,896,8,2,19,7,46,2,908
"15133SEJ09 면세사업자","B20 업태별","B24 전기·가스·수도업",Y2019 2019,2,-,-,-,-,-,-,-,2
"15133SEJ09 면세사업자","B20 업태별","B24 전기·가스·수도업",Y2020 2020,3,-,-,-,-,-,-,-,3
"15133SEJ09 면세사업자","B20 업태별","B24 전기·가스·수도업",Y2021 2021,5,1,-,-,-,-,-,-,4
"15133SEJ09 면세사업자","B20 업태별","B24 전기·가스·수도업",Y2022 2022,1,0,0,0,0,1,0,0,0
"15133SEJ09 면세사업자","B20 업태별","B24 전기·가스·수도업",Y2023 2023,-,-,-,-,-,-,-,-,-
"15133SEJ09 면세사업자","B20 업태별","B25 도매업",Y2019 2019,8987,4063,22,29,96,26,117,1,4633
"15133SEJ09 면세사업자","B20 업태별","B25 도매업",Y2020 2020,8073,3780,18,17,70,10,90,7,4081
"15133SEJ09 면세사업자","B20 업태별","B25 도매업",Y2021 2021,7596,3699,16,15,50,13,108,2,3693
"15133SEJ09 면세사업자","B20 업태별","B25 도매업",Y2022 2022,7057,3437,10,11,71,11,87,2,3428
"15133SEJ09 면세사업자","B20 업태별","B25 도매업",Y2023 2023,7454,3608,17,16,64,10,110,1,3628
"15133SEJ09 면세사업자","B20 업태별","B26 소매업",Y2019 2019,13144,5823,27,40,36,29,187,4,6998
"15133SEJ09 면세사업자","B20 업태별","B26 소매업",Y2020 2020,11939,5667,28,33,45,20,149,4,5993
"15133SEJ09 면세사업자","B20 업태별","B26 소매업",Y2021 2021,11841,5630,29,38,40,28,159,2,5915
"15133SEJ09 면세사업자","B20 업태별","B26 소매업",Y2022 2022,11229,5522,21,36,18,14,188,2,5428
"15133SEJ09 면세사업자","B20 업태별","B26 소매업",Y2023 2023,12946,6266,29,54,51,40,179,2,6325
"15133SEJ09 면세사업자","B20 업태별","B27 부동산매매업",Y2019 2019,533,179,2,-,2,6,6,-,338
"15133SEJ09 면세사업자","B20 업태별","B27 부동산매매업",Y2020 2020,633,237,3,2,3,1,1,-,386
"15133SEJ09 면세사업자","B20 업태별","B27 부동산매매업",Y2021 2021,573,187,2,1,5,7,-,-,371
"15133SEJ09 면세사업자","B20 업태별","B27 부동산매매업",Y2022 2022,564,234,3,0,1,7,1,0,318
"15133SEJ09 면세사업자","B20 업태별","B27 부동산매매업",Y2023 2023,654,290,1,-,2,4,2,-,355
"15133SEJ09 면세사업자","B20 업태별","B28 건설업",Y2019 2019,2812,398,4,2,4,6,18,7,2373
"15133SEJ09 면세사업자","B20 업태별","B28 건설업",Y2020 2020,2713,362,7,1,-,13,17,2,2311
"15133SEJ09 면세사업자","B20 업태별","B28 건설업",Y2021 2021,2484,311,8,1,2,4,19,5,2134
"15133SEJ09 면세사업자","B20 업태별","B28 건설업",Y2022 2022,1676,256,4,1,0,12,20,3,1380
"15133SEJ09 면세사업자","B20 업태별","B28 건설업",Y2023 2023,1027,202,6,-,1,5,8,2,803
"15133SEJ09 면세사업자","B20 업태별","B29 음식업",Y2019 2019,15,1,-,-,-,2,1,-,11
"15133SEJ09 면세사업자","B20 업태별","B29 음식업",Y2020 2020,24,4,-,-,-,-,1,-,19
"15133SEJ09 면세사업자","B20 업태별","B29 음식업",Y2021 2021,24,4,-,-,-,-,-,-,20
"15133SEJ09 면세사업자","B20 업태별","B29 음식업",Y2022 2022,24,9,0,0,0,2,1,0,12
"15133SEJ09 면세사업자","B20 업태별","B29 음식업",Y2023 2023,24,7,-,1,-,-,1,-,15
"15133SEJ09 면세사업자","B20 업태별","B30 숙박업",Y2019 2019,24,8,-,-,-,1,-,-,15
"15133SEJ09 면세사업자","B20 업태별","B30 숙박업",Y2020 2020,28,5,-,-,-,1,1,-,21
"15133SEJ09 면세사업자","B20 업태별","B30 숙박업",Y2021 2021,21,8,-,-,-,-,1,-,12
"15133SEJ09 면세사업자","B20 업태별","B30 숙박업",Y2022 2022,21,4,0,0,0,0,0,0,17
"15133SEJ09 면세사업자","B20 업태별","B30 숙박업",Y2023 2023,39,7,-,-,-,1,-,-,31
"15133SEJ09 면세사업자","B20 업태별","B31 운수·창고·통신업",Y2019 2019,118,33,1,-,3,-,5,1,75
"15133SEJ09 면세사업자","B20 업태별","B31 운수·창고·통신업",Y2020 2020,114,46,1,-,3,-,7,-,57
"15133SEJ09 면세사업자","B20 업태별","B31 운수·창고·통신업",Y2021 2021,107,38,1,-,3,1,3,-,61
"15133SEJ09 면세사업자","B20 업태별","B31 운수·창고·통신업",Y2022 2022,101,43,0,0,1,0,2,0,55
"15133SEJ09 면세사업자","B20 업태별","B31 운수·창고·통신업",Y2023 2023,120,35,-,-,1,-,4,-,80
"15133SEJ09 면세사업자","B20 업태별","B32 부동산임대업",Y2019 2019,14352,1044,41,3,75,13,901,7,12268
"15133SEJ09 면세사업자","B20 업태별","B32 부동산임대업",Y2020 2020,42116,2451,235,10,167,34,2694,40,36485
"15133SEJ09 면세사업자","B20 업태별","B32 부동산임대업",Y2021 2021,44216,2786,300,16,15,24,2636,51,38388
"15133SEJ09 면세사업자","B20 업태별","B32 부동산임대업",Y2022 2022,34823,2537,276,6,16,29,1485,40,30434
"15133SEJ09 면세사업자","B20 업태별","B32 부동산임대업",Y2023 2023,26040,2329,212,6,19,26,1001,10,22437
"15133SEJ09 면세사업자","B20 업태별","B33 대리·중개·도급업",Y2019 2019,1029,484,-,1,3,2,9,-,530
"15133SEJ09 면세사업자","B20 업태별","B33 대리·중개·도급업",Y2020 2020,817,386,4,2,6,2,7,-,410
"15133SEJ09 면세사업자","B20 업태별","B33 대리·중개·도급업",Y2021 2021,594,298,2,-,3,-,3,-,288
"15133SEJ09 면세사업자","B20 업태별","B33 대리·중개·도급업",Y2022 2022,491,256,1,1,5,1,6,1,220
"15133SEJ09 면세사업자","B20 업태별","B33 대리·중개·도급업",Y2023 2023,517,259,-,-,2,-,5,-,251
"15133SEJ09 면세사업자","B20 업태별","B34 서비스업",Y2019 2019,36092,15631,69,15,222,111,1099,23,18922
"15133SEJ09 면세사업자","B20 업태별","B34 서비스업",Y2020 2020,32338,16148,85,31,168,79,897,6,14924
"15133SEJ09 면세사업자","B20 업태별","B34 서비스업",Y2021 2021,29751,15625,75,16,177,77,858,8,12915
"15133SEJ09 면세사업자","B20 업태별","B34 서비스업",Y2022 2022,30430,15474,83,16,245,96,1082,13,13421
"15133SEJ09 면세사업자","B20 업태별","B34 서비스업",Y2023 2023,38212,18648,80,17,244,124,1370,9,17720
