"과세유형별(1)","지역및업태별(1)",지역및업태별(2),2023,2023,2023,2023,2023,2023,2023,2023,2023,2023,2022,2022,2022,2022,2022,2022,2022,2022,2022,2022,2021,2021,2021,2021,2021,2021,2021,2021,2021,2021,2020,2020,2020,2020,2020,2020,2020,2020,2020,2020,2019,2019,2019,2019,2019,2019,2019,2019,2019,2019
"과세유형별(1)","지역및업태별(1)",지역및업태별(2),총계,6월미만,6월이상,1년이상,2년이상,3년이상,5년 이상,10년 이상,20년 이상,30년 이상,총계,6월미만,6월이상,1년이상,2년이상,3년이상,5년 이상,10년 이상,20년 이상,30년 이상,총계,6월미만,6월이상,1년이상,2년이상,3년이상,5년 이상,10년 이상,20년 이상,30년 이상,총계,6월미만,6월이상,1년이상,2년이상,3년이상,5년 이상,10년 이상,20년 이상,30년 이상,총계,6월미만,6월이상,1년이상,2년이상,3년이상,5년 이상,10년 이상,20년 이상,30년 이상
"총계","합계",소계,9950368,565629,565526,1014794,976482,1621173,2389379,1780735,824754,211896,9677375,596306,620270,1131430,1031196,1516683,2108713,1735310,764315,173152,9206659,665620,651029,1170350,869479,1430075,1888960,1702489,684654,144003,8651833,648758,719993,1002671,894161,1261516,1717869,1652648,627284,126933,8046119,620060,563685,1037599,791313,1167558,1568200,1610014,577468,110222
"법인사업자","합계",소계,1302189,60080,60101,122952,125247,202896,319955,259354,117667,33937,1252033,63440,72271,137048,119743,183751,296275,240323,110000,29182,1177949,77539,72488,130501,107109,167635,274910,222526,100541,24700,1086469,69973,73499,116709,97343,158127,249536,212170,87066,22046,1002855,66812,62155,107037,90579,154381,222952,204353,75017,19569
"법인사업자","지역별",소계,1302189,60080,60101,122952,125247,202896,319955,259354,117667,33937,1252033,63440,72271,137048,119743,183751,296275,240323,110000,29182,1177949,77539,72488,130501,107109,167635,274910,222526,100541,24700,1086469,69973,73499,116709,97343,158127,249536,212170,87066,22046,1002855,66812,62155,107037,90579,154381,222952,204353,75017,19569
"법인사업자","지역별",서울,346793,16373,16295,33508,33548,52961,83912,68865,31367,9964,337214,17344,19787,37430,31396,49974,78063,65282,29635,8303,321566,21254,20151,35059,29889,46048,73300,61558,27675,6632,300805,20209,18821,33386,27851,43980,66818,59410,24531,5799,283337,19618,17862,31443,25811,43233,60947,58142,21226,5055
"법인사업자","지역별",인천,58160,3184,2970,6061,5911,9149,13851,10607,4947,1480,55037,3283,3419,6453,5470,8060,12811,9604,4717,1220,50567,3712,3274,5872,4651,7139,11895,8677,4307,1040,46092,3260,3351,5087,4132,6562,10683,8354,3748,915,42305,3028,2781,4631,3798,6538,9350,8105,3252,822
"법인사업자","지역별",경기,347892,17564,16879,35271,35966,57528,85570,65932,27297,5885,330254,18278,20895,38927,34517,49241,78629,59843,25014,4910,304952,22570,20056,37367,28538,43819,71704,54439,22360,4099,275316,19531,21641,30759,24844,40673,64422,50988,18816,3642,246281,17828,15958,26834,23022,38806,56364,48678,15671,3120
"법인사업자","지역별",강원,33048,1363,1480,3057,2976,5016,7957,6480,3648,1071,31765,1583,1746,3217,2993,4507,7263,6048,3426,982,29621,1701,1733,3191,2503,4296,6571,5646,3104,876,27425,1649,1785,2683,2402,3991,5892,5570,2643,810,25181,1403,1454,2586,2300,3731,5300,5374,2279,754
"법인사업자","지역별",대전,29589,1310,1328,2825,3008,4969,7119,5606,2657,767,28640,1421,1721,3281,3011,4394,6490,5175,2507,640,27156,1863,1730,3314,2607,3882,6091,4829,2307,533,25113,1588,2054,2869,2307,3620,5550,4668,1991,466,22856,1678,1504,2495,2047,3480,4979,4573,1684,416
"법인사업자","지역별",충북,37698,1497,1546,3140,3436,5615,9381,7880,4038,1165,36308,1591,1831,3747,3346,5005,8664,7291,3794,1039,34380,2089,1968,3598,2802,4716,8037,6811,3467,892,31608,1874,1980,2994,2667,4477,7272,6562,2962,820,29051,1589,1650,2861,2506,4467,6367,6335,2533,743
"법인사업자","지역별",충남,50562,2244,2400,4690,4915,7740,12330,10201,4716,1326,48345,2342,2782,5307,4597,6830,11471,9442,4398,1176,45419,2847,2852,4990,3963,6447,10484,8840,4002,994,41664,2559,2841,4258,3619,6141,9557,8398,3407,884,38388,2432,2271,3945,3548,5859,8524,8061,2959,789
"법인사업자","지역별",세종,7891,405,414,890,975,1542,2141,1021,379,124,7492,452,533,1064,908,1341,1899,824,367,104,6807,593,559,977,803,1179,1586,699,327,84,5936,480,576,848,676,1068,1301,621,289,77,5236,489,450,737,648,913,1071,613,245,70
"법인사업자","지역별",광주,37232,1532,1666,3193,3383,6209,10442,7146,2913,748,36044,1552,1931,3680,3551,6095,9457,6418,2713,647,34255,2049,2041,3815,3403,5641,8414,5927,2455,510,31844,1964,2258,3646,3348,4947,7552,5522,2192,415,29528,2019,1996,3664,2967,4740,6610,5267,1888,377
"법인사업자","지역별",전북,42883,1707,1927,3635,3687,6493,10859,9396,3993,1186,41177,1936,2023,3976,3811,6063,9894,8693,3734,1047,39091,2092,2247,4115,3337,5762,9207,8000,3443,888,36437,2118,2348,3605,3295,5256,8523,7554,2917,821,33656,1972,1951,3548,2995,5079,7766,7077,2516,752
"법인사업자","지역별",전남,50240,1914,2060,3897,3958,7573,12892,11419,5172,1355,48148,2023,2219,4251,4085,7393,11531,10640,4786,1220,45623,2244,2330,4324,4060,6757,10558,9854,4419,1077,42642,2170,2432,4301,3873,5995,9698,9411,3816,946,39583,2245,2314,4124,3417,5520,8963,8773,3383,844
"법인사업자","지역별",대구,40596,1741,1732,3486,3736,6456,10054,8030,3751,1610,38719,1796,2038,4066,3683,5708,9215,7277,3495,1441,36963,2350,2166,4035,3492,5055,8616,6748,3183,1318,34388,2089,2333,3871,2937,4833,7949,6339,2854,1183,31899,2329,1971,3244,2756,4770,7128,6095,2515,1091
"법인사업자","지역별",경북,53056,2237,2260,4293,4312,7553,12803,11757,6030,1811,51587,2274,2460,4672,4289,7223,12165,11109,5702,1693,49061,2501,2575,4603,4201,6710,11408,10368,5178,1517,46240,2564,2425,4530,3765,6483,10595,10038,4440,1400,43373,2356,2504,4132,3674,6260,9702,9608,3843,1294
"법인사업자","지역별",부산,67832,2833,2954,6187,6714,10118,16247,13904,6477,2398,65733,3048,3777,7335,5925,9037,15420,13011,6052,2128,62130,4244,3773,6433,5377,8215,14627,12090,5471,1900,57304,3314,3765,5889,4706,8216,13277,11548,4832,1757,53689,3376,3143,5219,4647,8322,11919,11145,4308,1610
"법인사업자","지역별",울산,18761,832,829,1730,1750,2745,4575,3802,1944,554,18198,963,985,1944,1686,2435,4318,3564,1838,465,17123,1165,968,1822,1419,2232,4134,3272,1692,419,15804,950,1015,1525,1310,2243,3773,3128,1478,382,14757,880,849,1472,1199,2438,3189,3111,1288,331
"법인사업자","지역별",경남,60449,2522,2495,5251,5116,8333,14425,13538,6877,1892,58360,2692,2989,5605,4800,7652,13819,12723,6350,1730,55324,3100,2987,5186,4468,7086,13380,11777,5748,1592,51532,2669,2924,4780,4072,6964,12463,11303,4890,1467,48545,2678,2568,4439,3846,7374,11178,10863,4240,1359
"법인사업자","지역별",제주,19507,822,866,1838,1856,2896,5397,3770,1461,601,19012,862,1135,2093,1675,2793,5166,3379,1472,437,17911,1165,1078,1800,1596,2651,4898,2991,1403,329,16319,985,950,1678,1539,2678,4211,2756,1260,262,15190,892,929,1663,1398,2851,3595,2533,1187,142
"법인사업자","업태별",소계,1302189,60080,60101,122952,125247,202896,319955,259354,117667,33937,1252033,63440,72271,137048,119743,183751,296275,240323,110000,29182,1177949,77539,72488,130501,107109,167635,274910,222526,100541,24700,1086469,69973,73499,116709,97343,158127,249536,212170,87066,22046,1002855,66812,62155,107037,90579,154381,222952,204353,75017,19569
"법인사업자","업태별",농·임·어업,27969,963,1249,2194,2514,4681,7965,7328,803,272,26938,995,1281,2652,2739,4207,7678,6395,749,242,25890,1302,1468,2901,2475,3866,7483,5493,673,229,24162,1405,1618,2614,2135,3805,7198,4582,592,213,22129,1355,1382,2251,2109,3803,6900,3579,554,196
"법인사업자","업태별",광업,1159,18,30,54,59,120,254,315,202,107,1168,18,32,61,66,120,265,307,218,81,1153,24,34,66,64,132,262,282,220,69,1145,33,32,64,69,132,255,294,206,60,1158,34,37,73,78,130,244,315,195,52
"법인사업자","업태별",제조업,228474,6783,7301,14450,15290,30314,59683,58411,28573,7669,222572,7398,7658,16078,16683,29730,57587,53912,27053,6473,214959,8266,8476,17688,16055,28817,56089,49409,24633,5526,205800,9559,9122,16756,15899,27334,53893,46550,21772,4915,195024,8714,8889,16792,15251,27516,49232,45796,18512,4322
"법인사업자","업태별",전기·가스·수도업,13086,411,437,841,816,2534,6299,1474,209,65,12487,394,396,822,1105,4262,4082,1172,203,51,11954,386,406,1115,1521,4882,2385,1037,177,45,11532,540,582,1570,3113,2711,1876,982,117,41,10870,631,979,3295,2156,1306,1463,904,98,38
"법인사업자","업태별",도매업,192516,8482,8240,15438,15404,26998,49675,45577,18619,4083,187505,8799,8558,17129,15924,25859,48046,42597,17226,3367,181435,9900,9497,17825,14909,25080,46042,39848,15496,2838,173645,10438,10070,16720,14440,25114,43063,37734,13673,2393,164876,9897,9241,16187,14396,25299,39687,36308,11908,1953
"법인사업자","업태별",소매업,84438,7341,6224,12243,10994,15300,18716,9841,3109,670,78636,7405,7145,12842,10207,11754,17249,8499,2967,568,70849,8374,6991,11614,7542,9821,15965,7389,2644,509,61536,7169,6683,8654,5891,10080,13757,6797,2055,450,52651,5636,4531,6703,5544,10364,11454,6277,1751,391
"법인사업자","업태별",부동산매매업,58140,2287,2389,8249,10211,15484,13489,5176,737,118,57092,3251,5715,11008,9746,10751,11512,4421,593,95,51211,6762,4992,10439,7413,7478,9841,3773,447,66,41981,3743,7550,8008,4478,6592,8075,3149,341,45,32869,4813,3929,4847,3794,6500,5977,2697,269,43
"법인사업자","업태별",건설업,142919,3906,4705,10001,11620,19901,32809,33420,23277,3280,139379,4653,5958,12321,11395,17927,30156,32783,21320,2866,132954,5840,7159,12030,10081,16616,27269,32671,19412,1876,123789,5802,6809,10572,9149,15768,24475,33605,16091,1518,115396,5460,5667,9755,8777,15021,22159,34069,13268,1220
"법인사업자","업태별",음식업,29377,3257,2852,4442,3536,5613,6602,2403,558,114,28519,2829,2660,4599,3678,5435,6342,2288,587,101,26913,2886,2722,4597,3701,4691,5741,1983,514,78,25081,2966,2581,4653,3211,4688,4660,1801,452,69,23355,3320,2458,4034,2906,4453,4224,1581,318,61
"법인사업자","업태별",숙박업,4444,348,318,569,502,692,989,680,216,130,3877,272,304,530,395,592,863,604,199,118,3408,304,241,395,329,495,856,506,182,100,2949,199,200,337,290,428,773,452,172,98,2675,182,163,304,236,443,665,439,152,91
"법인사업자","업태별",운수·창고·통신업,50425,1786,1862,3327,3211,5361,10878,13265,7213,3522,48664,1788,1829,3449,2772,5546,10447,12913,6704,3216,46555,1959,1655,2903,3094,5208,10096,12588,6161,2891,44394,1527,1504,3283,2896,5079,9668,12194,5558,2685,43369,1616,1869,3153,2740,5284,9289,12033,4903,2482
"법인사업자","업태별",부동산임대업,62409,2059,1857,4943,5514,8962,15257,11417,8212,4188,60182,2215,3073,5870,5145,7794,14047,10452,7846,3740,56983,3451,2961,5502,4508,6957,12793,10020,7416,3375,52984,2786,3284,4944,4061,6898,11203,9976,6667,3165,49035,2928,2524,4447,3631,7393,9382,9436,6369,2925
"법인사업자","업태별",대리·중개·도급업,12355,805,759,1295,1231,2428,3774,1515,340,208,11738,753,716,1390,1397,2438,3328,1208,333,175,11091,733,829,1530,1416,2330,2811,962,326,154,10319,862,857,1591,1392,2062,2314,783,315,143,9457,871,977,1551,1286,1777,1918,664,308,105
"법인사업자","업태별",서비스업,394478,21634,21878,44906,44345,64508,93565,68532,25599,9511,373276,22670,26946,48297,38491,57336,84673,62772,24002,8089,342594,27352,25057,41896,34001,51262,77277,56565,22240,6944,307152,22944,22607,36943,30319,47436,68326,53271,19055,6251,279991,21355,19509,33645,27675,45092,60358,50255,16412,5690
"일반사업자","합계",소계,5219560,278347,283206,541342,554922,798301,1289513,948241,430871,94817,5049323,299832,333039,626639,485472,760767,1157895,922179,392162,71338,4784627,368851,343465,544998,446400,741266,1027555,911637,344250,56205,4608083,335794,289121,540045,467213,730296,963039,913072,320512,48991,4366053,303312,292170,548918,461773,674346,870401,884229,289977,40927
"일반사업자","지역별",소계,5219560,278347,283206,541342,554922,798301,1289513,948241,430871,94817,5049323,299832,333039,626639,485472,760767,1157895,922179,392162,71338,4784627,368851,343465,544998,446400,741266,1027555,911637,344250,56205,4608083,335794,289121,540045,467213,730296,963039,913072,320512,48991,4366053,303312,292170,548918,461773,674346,870401,884229,289977,40927
"일반사업자","지역별",서울,1015213,49507,49961,92549,94436,145605,234345,208747,105648,34415,1002203,53088,58644,109379,89699,137559,217671,212785,96470,26908,970905,63986,63826,101884,82683,134148,199882,218689,84809,20998,949811,63666,55122,99982,83639,134502,192580,221925,79846,18549,916420,58592,54962,99133,84668,128257,181164,218229,76338,15077
"일반사업자","지역별",인천,329118,18408,18173,36740,44652,54813,78503,51639,22435,3755,319163,19705,23883,50077,35201,50433,66627,50037,20588,2612,300406,31362,25235,39497,29340,48132,56753,50195,17870,2022,276925,24254,21079,35190,31818,44083,52690,49887,16231,1693,259013,20909,18952,38020,30559,38838,47822,48365,14120,1428
"일반사업자","지역별",경기,1567297,86300,87817,176748,193062,249460,381479,269708,107754,14969,1511087,95755,112506,215595,153763,232775,333722,262210,94818,9943,1413191,129331,116008,172112,135769,224424,290313,259201,78752,7281,1316263,108541,88441,162795,142187,215915,265094,257158,70146,5986,1227841,91324,88593,166537,136706,194328,238331,245923,61486,4613
"일반사업자","지역별",강원,149190,7709,8532,16717,15089,23688,37289,25340,12597,2229,140994,8924,9378,16655,14167,21629,32705,24385,11431,1720,130969,9669,8493,15615,12558,20834,28333,23811,10207,1449,127929,9114,8140,15200,13076,21390,25564,24298,9815,1332,118760,7865,7795,15127,12602,19165,22769,23558,8710,1169
"일반사업자","지역별",대전,123711,6834,7076,12703,12453,18586,29708,23625,10788,1938,119202,7153,7646,14108,11334,17356,27569,22781,9922,1333,113694,8436,7651,12832,10355,16697,25785,22172,8720,1046,112128,7973,6709,12797,10670,17019,25524,22342,8239,855,107198,7065,6792,12699,10647,16422,23722,21778,7335,738
"일반사업자","지역별",충북,146353,8265,8412,16242,14979,22572,35224,26495,11917,2247,139255,9046,9367,16836,12987,21738,31576,25101,10888,1716,129802,9620,9079,14370,13034,19729,28764,24133,9695,1378,126582,8429,7725,15893,12769,19491,27660,24273,9091,1251,119412,8282,8568,14753,11764,18502,24971,23458,8022,1092
"일반사업자","지역별",충남,208611,12080,12233,26237,23127,32323,49917,35130,14828,2736,197877,13078,16693,25953,18816,30646,43897,33419,13303,2072,180578,16035,12921,20740,18073,28903,38243,32308,11715,1640,173971,12366,11337,22161,18530,28130,36404,32613,10966,1464,163554,12234,11517,21666,17909,25442,32561,31209,9733,1283
"일반사업자","지역별",세종,37207,1590,1688,3129,3549,5613,16897,3630,965,146,36167,1734,1807,4016,3202,6167,15636,2620,871,114,34371,2004,2347,3517,3219,7643,12768,2013,769,91,32831,1973,1958,3815,3849,8750,9782,1921,711,72,30539,2043,1862,4278,5008,8905,5987,1760,627,69
"일반사업자","지역별",광주,121190,6628,6865,12671,12903,19717,29384,22028,9280,1714,117826,7301,7772,14795,11977,18901,26712,20678,8471,1219,112733,8681,8505,13794,11577,17497,24405,19738,7594,942,110038,8697,7427,14337,11615,16757,23736,19647,7075,747,104108,8220,7582,13832,10875,15727,22041,19040,6154,637
"일반사업자","지역별",전북,174418,10206,10803,18221,15982,29025,46453,28637,12694,2397,164841,10222,10134,17983,16959,29991,39501,26518,11732,1801,155478,10181,9616,18923,16450,30267,32572,25519,10695,1255,152466,10923,10277,19642,18988,24813,31617,25070,10039,1097,143546,10397,10755,22281,18131,19123,28966,24109,8806,978
"일반사업자","지역별",전남,164612,9801,9393,16250,15279,27968,43817,26900,12998,2206,156155,9436,9054,17076,16572,27470,37678,25247,11940,1682,148571,9476,9649,18467,15560,26583,32194,24724,10589,1329,145669,10462,10095,18647,17104,23462,30109,24663,9960,1167,136419,10196,10046,20341,15578,20282,26584,23684,8652,1056
"일반사업자","지역별",대구,213291,10403,10261,19179,19738,29859,53555,42685,20934,6677,205902,10309,11430,22034,17551,28843,50027,40662,19316,5730,198271,12211,12400,19537,17155,28217,46141,39619,17865,5126,195414,11823,10057,20746,17528,29781,44075,39779,17056,4569,188301,11173,11097,20155,17777,29673,39921,38894,15655,3956
"일반사업자","지역별",경북,225333,12754,13083,22734,20887,33048,55479,42635,20629,4084,215451,13094,12732,23651,19168,32983,50459,40881,19211,3272,202182,13291,12790,21189,19130,31581,44914,39466,17225,2596,200485,12809,11049,23294,20006,31697,43204,39781,16287,2358,189770,12095,12272,22915,19434,29097,39223,38304,14435,1995
"일반사업자","지역별",부산,307138,15182,15558,29127,30188,44192,75372,58918,29367,9234,301179,16250,17960,34554,27087,41887,71093,56902,28762,6684,289924,19558,19981,30823,25423,41734,65199,54877,26902,5427,283970,19321,16544,31026,25641,44202,61842,54642,25932,4820,272264,17974,16840,30426,27738,41953,55742,53318,23928,4345
"일반사업자","지역별",울산,84076,4598,4607,8570,7406,12041,21941,16215,7670,1028,81345,5414,4696,8487,7407,11600,20520,15479,6984,758,78060,4923,5044,8574,7050,12078,18452,15060,6294,585,79099,5566,4784,8928,7489,13502,17250,15181,5934,465,76402,5254,4987,9064,8308,12690,15711,14742,5296,350
"일반사업자","지역별",경남,276620,14518,14972,26532,24407,38388,72788,54828,26036,4151,266756,15409,15342,27851,22901,38202,67566,52903,23540,3042,255533,15904,15719,25874,22543,38992,61753,51199,21058,2491,255282,15658,14306,27825,24094,42103,58242,51074,19843,2137,246757,15461,15311,28470,25585,41585,51456,49374,17711,1804
"일반사업자","지역별",제주,76182,3564,3772,6993,6785,11403,27362,11081,4331,891,73920,3914,3995,7589,6681,12587,24936,9571,3915,732,69959,4183,4201,7250,6481,13807,21084,8913,3491,549,69220,4219,4071,7767,8210,14699,17666,8818,3341,429,65749,4228,4239,9221,8484,14357,13430,8484,2969,337
"일반사업자","업태별",소계,5219560,278347,283206,541342,554922,798301,1289513,948241,430871,94817,5049323,299832,333039,626639,485472,760767,1157895,922179,392162,71338,4784627,368851,343465,544998,446400,741266,1027555,911637,344250,56205,4608083,335794,289121,540045,467213,730296,963039,913072,320512,48991,4366053,303312,292170,548918,461773,674346,870401,884229,289977,40927
"일반사업자","업태별",농·임·어업,4177,389,431,677,517,756,895,403,102,7,3555,417,386,542,425,659,672,356,92,6,2946,334,316,465,377,521,520,332,76,5,2603,286,255,463,361,420,435,321,55,7,2174,250,234,387,274,357,330,299,38,5
"일반사업자","업태별",광업,293,19,12,31,17,32,44,61,45,32,275,13,20,18,16,33,37,66,49,23,266,9,11,19,15,29,43,73,46,21,261,10,11,17,19,15,57,70,43,19,264,6,10,22,13,17,64,70,46,16
"일반사업자","업태별",제조업,392712,11591,12262,23904,25076,43910,90769,100898,66568,17734,391875,12863,14166,28005,24452,46414,87777,99231,66695,12272,385468,15458,15831,26894,25656,46683,83760,98329,63689,9168,378553,15197,15353,28971,27071,46053,81441,96643,60353,7471,371661,15830,16694,30424,26639,45874,78239,96816,54960,6185
"일반사업자","업태별",전기·가스·수도업,158450,14617,14815,21168,20125,39526,44066,4045,73,15,134515,11989,10188,21144,21483,39330,28294,2022,56,9,117960,12238,10252,22514,20634,35197,15776,1294,48,7,101604,13289,10570,22077,23027,18860,12741,992,42,6,86899,11514,13130,26910,17258,7856,9342,847,37,5
"일반사업자","업태별",도매업,429438,16871,17793,32958,32394,54874,100171,111925,51574,10878,430247,18652,20387,37545,32742,55478,98041,110118,49689,7595,419750,21446,21611,37051,32198,54631,93505,107723,45962,5623,408331,22240,21444,37133,32271,53575,90373,104752,41878,4665,398465,21969,21838,37561,32304,52189,89583,101659,37406,3956
"일반사업자","업태별",소매업,599475,51484,54660,80791,66373,95027,111860,86434,40331,12515,562752,56224,55909,76107,60309,78750,102549,83821,38946,10137,502533,51886,46725,66556,48980,67070,94896,80844,36959,8617,479295,45080,36653,60313,45145,67761,94900,84104,37004,8335,440693,34214,32583,52766,42500,64584,89286,83063,34069,7628
"일반사업자","업태별",부동산매매업,23730,2933,1942,3616,3030,4643,4661,2434,449,22,21068,1773,2336,3441,2621,4243,3960,2340,341,13,19220,2189,1848,3066,3136,3071,3408,2289,203,10,17821,1663,2159,3863,2089,2792,3050,2049,147,9,16598,2686,2197,2592,1853,2574,2694,1860,133,9
"일반사업자","업태별",건설업,439029,23240,24629,43746,41103,64772,103729,83305,48114,6391,427366,25243,27864,46652,38021,64078,94747,80898,45902,3961,402684,26204,28075,42573,36925,60666,84886,78603,42153,2599,389141,26409,25569,44615,38403,58760,77974,76644,39045,1722,368260,25595,26209,44378,36050,53643,71950,74057,35261,1117
"일반사업자","업태별",음식업,532452,37064,36173,73208,59610,96255,130370,76850,20421,2501,503767,37579,29839,72339,62367,95739,118058,69019,16975,1852,487233,33045,32730,73667,66054,89979,109847,65556,14880,1475,530678,37654,33776,90714,68566,96965,114322,71521,15601,1559,505576,42113,37333,84318,65028,91724,104726,65803,13240,1291
"일반사업자","업태별",숙박업,31719,2331,2286,3928,4316,4953,7725,4321,1631,228,27666,2247,2170,4172,2738,4127,6779,3920,1335,178,25351,2408,2279,2928,2524,4052,6062,3944,983,171,25824,1907,1699,3324,2645,4794,5963,4332,979,181,24729,1982,1829,3104,2911,4474,5201,4198,868,162
"일반사업자","업태별",운수·창고·통신업,395257,20766,20282,36288,32629,53591,97717,92685,37727,3572,382948,20377,23673,36893,30522,53048,93924,88442,33466,2603,371912,22882,22390,35235,31298,52213,90580,86714,28754,1846,383256,22306,20917,39643,34223,56694,94119,88114,25663,1577,367768,21756,22656,38229,33456,55930,88563,85638,20405,1135
"일반사업자","업태별",부동산임대업,1269993,26466,26845,96777,155377,174017,380771,254769,119482,35489,1269818,38286,68022,168528,106494,166840,333339,260661,98764,28884,1227195,101448,83423,116328,84394,191360,278356,272910,75227,23749,1132402,75536,54569,96277,105179,200423,234724,277232,67493,20969,1078944,55538,51360,121666,121642,185201,190550,270373,65261,17353
"일반사업자","업태별",대리·중개·도급업,73325,5951,5951,8687,8243,14454,19508,9054,1191,286,72234,5783,5402,10184,9139,14544,17779,8071,1100,232,70493,6169,6213,11019,9318,13746,15828,6984,1035,181,66956,6896,6576,11290,8758,12501,13918,5994,871,152,64963,7438,7199,11290,8725,11427,12681,5268,788,147
"일반사업자","업태별",서비스업,869510,64625,65125,115563,106112,151491,197227,121057,43163,5147,821237,68386,72677,121069,94143,137484,171939,113214,38752,3573,751616,73135,71761,106683,84891,122048,150088,106042,34235,2733,691358,67321,59570,101345,79456,110683,139022,100304,31338,2319,639059,62421,58898,95271,73120,98496,127192,94278,27465,1918
"간이사업자","합계",소계,2111809,174967,165608,255377,195859,275228,374725,392770,210275,67000,2083097,182420,158018,256962,192333,262768,365383,405637,200742,58834,1971951,165652,165271,242437,171420,240032,338541,413711,183500,51387,1712585,172692,148075,187288,131508,194522,285793,378763,168228,45716,1632285,149849,133947,169624,127351,184150,284959,376764,164926,40715
"간이사업자","지역별",소계,2111809,174967,165608,255377,195859,275228,374725,392770,210275,67000,2083097,182420,158018,256962,192333,262768,365383,405637,200742,58834,1971951,165652,165271,242437,171420,240032,338541,413711,183500,51387,1712585,172692,148075,187288,131508,194522,285793,378763,168228,45716,1632285,149849,133947,169624,127351,184150,284959,376764,164926,40715
"간이사업자","지역별",서울,378555,31020,29308,46542,37433,49273,59576,67914,41170,16319,372643,32566,28820,48901,35756,44677,57059,71655,38643,14566,352375,30906,31172,45482,29778,39061,52013,74867,36638,12458,308844,33512,27121,33274,22193,31073,45175,70183,34841,11472,288932,26427,22462,28700,20606,28901,45683,70129,36193,9831
"간이사업자","지역별",인천,113646,10963,10180,15943,11374,14700,18424,20369,9624,2069,110680,11493,9657,15036,10564,13919,17827,21685,8710,1789,101799,9836,9416,13538,9431,11993,16587,21987,7425,1586,86456,9987,8133,10443,6383,9432,13865,20160,6624,1429,81614,8741,6974,8590,6236,9163,14423,19817,6364,1306
"간이사업자","지역별",경기,510057,51896,46715,71495,54066,68960,85000,87588,37302,7035,486655,49993,42759,70603,49553,62436,81129,90466,33895,5821,447199,44713,43583,62552,41087,55109,74001,91956,29208,4990,376759,45720,37159,44866,30090,43901,61179,83583,25914,4347,350014,36880,31921,38967,28643,41210,61553,82229,25091,3520
"간이사업자","지역별",강원,78435,5227,5274,7942,6103,9640,15203,17122,8756,3168,79173,5984,4866,7947,6427,9801,15031,17593,8763,2761,76684,5191,5248,8060,6119,9589,14197,17468,8382,2430,67559,5249,5124,6478,5046,8048,12333,15593,7506,2182,66276,5082,4896,6297,5197,7445,12620,15427,7277,2035
"간이사업자","지역별",대전,66180,5493,5216,7456,5756,8360,11586,12255,7740,2318,65648,5674,4727,7607,5851,8177,11325,12648,7733,1906,62520,4998,5078,7326,5241,7591,10576,13624,6461,1625,54399,5044,4827,5724,4144,5883,9057,12311,6048,1361,52549,4941,4314,5281,3948,5390,8974,12489,5965,1247
"간이사업자","지역별",충북,70996,5587,5281,7590,5846,8714,13282,13781,7937,2978,71208,5600,4946,7816,5972,8865,13339,14322,7710,2638,68953,5348,5080,7625,5741,8510,12577,14703,6979,2390,60803,5401,4917,6283,4664,7028,10642,13243,6515,2110,59471,5188,4821,6047,4643,6735,10575,13082,6395,1985
"간이사업자","지역별",충남,90548,7067,6648,10285,7758,11547,17206,17012,9468,3557,90428,7199,6487,10164,7984,11483,16891,17792,9149,3279,86956,6567,6656,10182,7385,10978,15859,18417,7980,2932,74887,6753,6448,7862,5908,8763,13068,16318,7071,2696,72517,6363,6058,7559,5740,8609,12588,16277,6827,2496
"간이사업자","지역별",세종,10734,1255,1224,1957,1254,1591,1802,981,507,163,10112,1503,1274,1646,1087,1481,1550,936,488,147,8783,1172,1103,1420,1020,1292,1263,916,454,143,7351,1204,937,1206,773,908,972,811,404,136,6565,1089,919,1016,646,722,853,806,394,120
"간이사업자","지역별",광주,57531,4462,4354,6577,4869,7642,11036,10829,5840,1922,57497,4757,4204,6573,5165,7688,10864,10753,5807,1686,54932,4350,4169,6567,4956,7044,10200,11069,5104,1473,49179,4803,4133,5422,3989,5913,8659,10258,4791,1211,47376,4374,3992,5097,3831,5612,8457,10307,4612,1094
"간이사업자","지역별",전북,74952,5381,5075,7598,5907,9411,14401,15006,9220,2953,75458,5502,4948,7743,6205,9731,14255,15283,9228,2563,73408,5146,5370,7631,6128,9178,13549,16164,8191,2051,66041,5365,4932,6628,5211,7460,11910,15066,7691,1778,65513,5423,5192,6662,4901,7445,11792,15118,7255,1725
"간이사업자","지역별",전남,74627,4665,4752,7518,6265,9979,14255,14724,9449,3020,75662,5194,4731,8001,6720,9659,14122,15205,9269,2761,72383,4960,5128,7980,6014,8934,13006,15880,8033,2448,63727,5078,4970,6392,4811,7256,11126,14664,7291,2139,62591,4860,4622,6018,4801,6955,11372,14975,6946,2042
"간이사업자","지역별",대구,103176,7856,7775,11429,8746,13458,19079,19982,10508,4343,101408,8394,7311,11341,8836,13073,18532,19853,10018,4050,96684,7418,7784,11079,8519,11607,17303,19537,9603,3834,86150,8158,7042,9605,6594,9336,14687,18229,9067,3432,83013,7613,6922,8533,6172,9076,14556,18167,8984,2990
"간이사업자","지역별",경북,116402,7946,7675,11859,9169,14941,23104,24066,12922,4720,118549,8652,7490,12146,10075,15263,23225,24678,12759,4261,115869,7962,8025,12625,9881,14794,22021,24852,11874,3835,100880,8414,7681,10389,7965,12052,18062,22321,10566,3430,98524,8206,7521,10215,7877,11551,17890,22243,9991,3030
"간이사업자","지역별",부산,136441,10278,9972,15827,12001,17161,24310,25169,15404,6319,136144,11230,9985,15909,12064,16133,24342,25518,15712,5251,131231,10555,10610,15267,10721,14989,23056,25659,15791,4583,115750,10821,9552,11888,8257,12815,19635,23792,14976,4014,110392,9106,8409,10730,8131,12284,19157,24163,14672,3740
"간이사업자","지역별",울산,44738,3115,3213,4992,3698,5535,8726,9182,5286,991,45370,3938,3152,4995,3841,5481,8726,9326,5129,782,43420,3167,3295,4885,3646,5462,8111,9603,4591,660,38473,3484,2925,3985,2840,4744,6897,8925,4142,531,36937,3173,2731,3702,3124,4450,6653,8807,3881,416
"간이사업자","지역별",경남,144134,9923,9842,15712,11851,18435,29163,29923,15156,4129,145961,11704,9727,15756,12426,18850,29017,30911,13918,3652,140078,10494,10409,15639,11969,18179,27037,29932,13231,3188,122202,10906,9429,12918,9644,15312,22908,26787,11469,2829,118158,9777,9345,12467,9873,14476,22597,26122,10971,2530
"간이사업자","지역별",제주,40657,2833,3104,4655,3763,5881,8572,6867,3986,996,40501,3037,2934,4778,3807,6051,8149,7013,3811,921,38677,2869,3145,4579,3784,5722,7185,7077,3555,761,33125,2793,2745,3925,2996,4598,5618,6519,3312,619,31843,2606,2848,3743,2982,4126,5216,6606,3108,608
"간이사업자","업태별",소계,2111809,174967,165608,255377,195859,275228,374725,392770,210275,67000,2083097,182420,158018,256962,192333,262768,365383,405637,200742,58834,1971951,165652,165271,242437,171420,240032,338541,413711,183500,51387,1712585,172692,148075,187288,131508,194522,285793,378763,168228,45716,1632285,149849,133947,169624,127351,184150,284959,376764,164926,40715
"간이사업자","업태별",농·임·어업,3792,287,445,1249,534,559,583,106,27,2,3275,988,285,600,343,474,468,94,21,2,2092,374,238,362,295,392,334,82,13,2,1429,202,180,258,205,266,247,61,9,1,1159,163,153,215,189,252,118,60,7,2
"간이사업자","업태별",광업,0,0,0,0,0,0,0,0,0,0,0,0,0,0,0,0,0,0,0,0,-,-,-,-,-,-,-,-,-,-,-,-,-,-,-,-,-,-,-,-,-,-,-,-,-,-,-,-,-,-
"간이사업자","업태별",제조업,26463,1079,1083,2181,1981,3129,4653,6208,4452,1697,27861,1137,1174,2484,2168,3068,4953,6682,4647,1548,27288,1345,1409,2526,1878,2586,4741,6980,4456,1367,23917,1484,1212,1879,1359,2226,4173,6581,3739,1264,23598,1221,1147,1681,1300,2311,4412,6851,3443,1232
"간이사업자","업태별",전기·가스·수도업,2,0,0,0,0,2,0,0,0,0,3,0,0,0,1,1,1,0,0,0,11,-,-,3,3,1,4,-,-,-,286,8,11,74,34,46,104,8,1,-,220,18,24,25,26,42,76,9,-,-
"간이사업자","업태별",도매업,855,67,44,128,90,129,169,183,37,8,468,110,70,87,50,73,49,20,7,2,720,214,142,127,72,76,60,20,5,4,621,207,130,111,66,50,34,19,2,2,568,186,109,120,40,47,40,18,5,3
"간이사업자","업태별",소매업,675166,93515,84375,131688,87553,101107,85230,53488,27266,10944,625490,97679,79551,118959,79129,82292,77386,53387,27311,9796,539540,78870,74879,103005,60930,66294,68431,51997,26358,8776,439978,80982,59214,72828,43218,52387,56250,45520,22013,7566,380527,58314,47979,59199,39513,47799,54803,44702,20944,7274
"간이사업자","업태별",부동산매매업,30,7,6,6,4,6,0,1,0,0,21,5,2,3,4,5,1,1,0,0,26,6,3,4,2,3,3,4,1,-,15,6,-,1,-,4,1,3,-,-,14,2,-,4,4,1,1,2,-,-
"간이사업자","업태별",건설업,19566,1262,1119,3956,3027,4136,4088,1521,370,87,17807,1021,880,3515,2841,4015,3654,1468,347,66,17195,1416,1379,3259,2787,3434,3114,1414,350,42,3877,342,294,617,589,727,696,373,204,35,3292,302,223,518,444,579,641,356,200,29
"간이사업자","업태별",음식업,258247,36207,35055,29538,19534,34240,50528,35951,14577,2617,284322,37046,30437,35812,25755,42666,54944,39951,15340,2371,288935,36708,36390,40754,29592,39541,50726,38997,14189,2038,220249,39022,33667,31784,18367,25370,33188,27605,9766,1480,225233,40504,37567,30262,18599,25563,33869,28574,8970,1325
"간이사업자","업태별",숙박업,30761,2030,2083,3645,3293,4704,7724,5043,1776,463,30574,2062,2094,3964,2930,4729,7674,5043,1643,435,29434,1963,2443,3460,2989,4757,6983,4965,1430,444,25315,1677,2018,3174,2463,4393,5661,4311,1197,421,24730,1823,2086,3094,2722,4187,5272,4062,1082,402
"간이사업자","업태별",운수·창고·통신업,218460,5078,4711,13203,13929,21442,39452,56309,47581,16755,221231,5430,4610,14211,11644,21992,40042,60400,48295,14607,216665,5403,5400,11140,11972,19939,38629,62875,49207,12100,189718,3947,4408,8258,7440,13199,32204,62010,47901,10351,193840,4813,4384,8053,7550,14372,33212,65679,47163,8614
"간이사업자","업태별",부동산임대업,454249,5487,6742,17838,22983,40421,90235,161920,84216,24407,454258,6906,9202,23257,24676,37953,88898,166993,75122,21251,449102,8812,11670,24977,18175,42110,86623,176439,61552,18744,433709,8864,14307,17332,20215,41842,84634,168800,60333,17382,431955,8974,8504,20797,22393,40808,86607,165689,63139,15044
"간이사업자","업태별",대리·중개·도급업,56,8,5,11,12,9,7,3,0,1,69,9,5,16,9,9,4,7,5,5,208,15,34,33,25,34,36,17,10,4,1691,222,173,293,261,292,261,101,66,22,1498,184,155,296,196,261,220,95,63,28
"간이사업자","업태별",서비스업,424162,29940,29940,51934,42919,65344,92056,72037,29973,10019,417718,30027,29708,54054,42783,65491,87309,71591,28004,8751,400735,30526,31284,52787,42700,60865,78857,69921,25929,7866,371780,35729,32461,50679,37291,53720,68340,63371,22997,7192,345651,33345,31616,45360,34375,47928,65688,60667,19910,6762
"면세사업자","합계",소계,1316810,52235,56611,95123,100454,344748,405186,180370,65941,16142,1292922,50614,56942,110781,233648,309397,289160,167171,61411,13798,1272132,53578,69805,252414,144550,281142,247954,154615,56363,11711,1244696,70299,209298,158629,198097,178571,219501,148643,51478,10180,1044926,100087,75413,212020,111610,154681,189888,144668,47548,9011
"면세사업자","지역별",소계,1316810,52235,56611,95123,100454,344748,405186,180370,65941,16142,1292922,50614,56942,110781,233648,309397,289160,167171,61411,13798,1272132,53578,69805,252414,144550,281142,247954,154615,56363,11711,1244696,70299,209298,158629,198097,178571,219501,148643,51478,10180,1044926,100087,75413,212020,111610,154681,189888,144668,47548,9011
"면세사업자","지역별",서울,331253,8920,10401,18719,22154,88897,120653,43623,14122,3764,329582,9377,11412,23875,58123,95714,75333,39448,13019,3281,328833,10996,15134,62171,37874,89067,63702,35196,12026,2667,325520,17200,50800,41096,66593,47739,54770,33827,11261,2234,275819,26024,18553,70038,29659,39647,46012,33358,10638,1890
"면세사업자","지역별",인천,67598,3259,3431,5368,5503,22343,17106,7349,2662,577,65631,2820,3240,6046,15402,15956,12421,6743,2541,462,64368,2817,3898,16692,9296,11944,10824,6173,2345,379,63141,3931,14655,10275,8515,8033,9326,5961,2132,313,48594,6971,4348,9244,4846,7062,8094,5784,1971,274
"면세사업자","지역별",경기,347690,13892,15513,24802,27068,98680,114534,39340,11784,2077,340362,13261,14760,29984,64999,95086,74209,35691,10714,1658,334848,14476,18853,69891,43002,84867,60628,32219,9493,1419,326600,19554,57625,46751,61849,47187,53516,30381,8559,1178,269363,28922,22365,65660,31096,38541,44656,29353,7812,958
"면세사업자","지역별",강원,35942,1503,1812,3216,3120,8526,8908,5664,2600,593,35247,1621,2015,3459,6102,6274,7317,5523,2431,505,34187,1620,2276,6749,3339,5763,6450,5299,2244,447,32900,1830,5782,3702,3733,4683,5600,5087,2081,402,27317,2235,1919,4054,2726,4010,5143,4950,1919,361
"면세사업자","지역별",대전,30206,1201,1251,2118,2272,9209,7415,4628,1684,428,29917,1118,1314,2533,6670,6068,5769,4523,1575,347,29609,1237,1639,7160,3399,4969,5193,4240,1499,273,29147,1508,6398,3778,3389,3470,5008,4053,1328,215,23391,2779,1513,3711,2206,3018,4775,4025,1189,175
"면세사업자","지역별",충북,32155,1459,1589,2792,2766,7973,8433,4883,1820,440,31572,1468,1681,3084,5938,5171,7470,4668,1711,381,30688,1486,1976,6471,2887,4848,6756,4322,1608,334,29736,1700,5612,3225,2950,4344,6148,4016,1457,284,24626,2230,1469,3232,2546,3924,5772,3901,1292,260
"면세사업자","지역별",충남,52590,2405,2642,4327,4418,12903,12940,8712,3378,865,51215,2222,2664,4902,9382,8871,11101,8226,3103,744,49869,2224,3233,10250,4900,7853,10108,7798,2831,672,48243,2931,8598,5441,5089,6126,9423,7455,2564,616,40107,3571,2583,5614,3725,5879,8558,7215,2393,569
"면세사업자","지역별",세종,10642,459,571,947,892,3237,3722,575,191,48,10310,476,578,1009,2327,2814,2412,481,170,43,9900,489,641,2485,1202,2691,1813,383,160,36,9505,625,2099,1326,1867,1631,1429,342,154,32,7366,892,589,1993,1079,1264,1055,317,145,32
"면세사업자","지역별",광주,29681,1568,1565,2473,2209,7395,8448,4212,1475,336,28731,1480,1331,2509,5371,5726,6807,3853,1401,253,27993,1280,1524,5833,2817,5186,6238,3626,1286,203,27586,1454,5058,3169,3670,3744,5621,3540,1164,166,23220,1960,1666,4052,2214,3906,4725,3488,1060,149
"면세사업자","지역별",전북,37975,2721,2292,3193,3189,8152,8649,6386,2735,658,35843,1768,1925,3555,5802,6043,7566,6055,2575,554,34815,1817,2165,6367,3393,5347,7110,5785,2392,439,33810,2285,4874,3807,3488,4397,6694,5706,2169,390,29362,2428,1941,3936,2644,4158,6411,5483,2013,348
"면세사업자","지역별",전남,49975,2441,2497,4236,3998,9724,12705,9438,3889,1047,48581,2351,2418,4406,6528,7768,11625,8911,3687,887,47295,2309,2674,7177,4374,7144,10898,8565,3352,802,45764,2675,5393,4833,4404,6277,10081,8335,3062,704,41194,2888,2594,4928,3737,6354,9134,8112,2794,653
"면세사업자","지역별",대구,45840,1988,2139,3497,3557,11034,14086,6142,2545,852,44579,1895,2110,3913,7627,9158,10977,5760,2387,752,43656,2000,2432,8238,4497,8968,9089,5546,2214,672,42683,2227,6944,5009,5736,6971,7780,5353,2031,632,36724,3179,2521,6258,4284,6580,6306,5167,1858,571
"면세사업자","지역별",경북,55598,2666,2688,4916,4314,11375,14808,9447,4298,1086,54736,2992,2702,4914,7774,9143,12986,9157,4097,971,52952,2590,3033,8558,5122,8776,11298,8910,3806,859,51515,2873,6798,5725,5258,8286,9560,8818,3437,760,45916,3551,2984,5915,4723,7535,8695,8619,3196,698
"면세사업자","지역별",부산,74963,2618,2891,4988,5889,18954,23154,10990,4127,1352,74199,2540,3150,6424,13465,15569,17965,10007,3900,1179,73304,3107,3992,14500,7233,14709,15939,9227,3689,908,71588,3780,12154,7995,10010,9903,14670,8847,3416,813,60000,4905,3962,10725,6198,9301,12425,8541,3182,761
"면세사업자","지역별",울산,20104,830,880,1515,1429,5398,5517,3093,1203,239,19875,818,900,1597,3693,4019,4567,2972,1126,183,19554,731,1060,4010,2288,3868,3670,2760,1023,144,19360,886,3542,2559,2231,3055,3386,2699,877,125,16199,1352,1479,2444,2123,2259,3026,2579,825,112
"면세사업자","지역별",경남,71502,3035,3219,5875,5612,15473,18287,12631,5935,1435,70478,3218,3513,6289,10737,11705,16108,11978,5621,1309,69193,3127,3987,11847,6619,11280,14436,11508,5161,1228,67580,3653,9681,7368,6830,9817,13205,11189,4706,1131,58923,4670,3614,7532,6007,8863,12073,10811,4308,1045
"면세사업자","지역별",제주,23096,1270,1230,2141,2064,5475,5821,3257,1493,345,22064,1189,1229,2282,3708,4312,4527,3175,1353,289,21068,1272,1288,4015,2308,3862,3802,3058,1234,229,20018,1187,3285,2570,2485,2908,3284,3034,1080,185,16805,1530,1313,2684,1797,2380,3028,2965,953,155
"면세사업자","업태별",소계,1316810,52235,56611,95123,100454,344748,405186,180370,65941,16142,1292922,50614,56942,110781,233648,309397,289160,167171,61411,13798,1272132,53578,69805,252414,144550,281142,247954,154615,56363,11711,1244696,70299,209298,158629,198097,178571,219501,148643,51478,10180,1044926,100087,75413,212020,111610,154681,189888,144668,47548,9011
"면세사업자","업태별",농·임·어업,88878,4867,4836,9804,7944,12640,18569,16644,10750,2824,83760,5253,5423,8510,7196,11148,17204,16353,10162,2511,77696,4656,4613,7744,6664,10063,15672,16374,9597,2313,72768,4138,4368,7199,5688,9910,13931,16460,8951,2123,68434,4071,3851,6178,5592,9078,12901,16293,8512,1958
"면세사업자","업태별",광업,763,24,32,45,19,36,100,344,99,64,755,23,25,22,23,33,107,358,101,63,772,16,10,28,16,50,115,365,102,70,801,19,12,16,21,65,106,392,96,74,828,7,10,26,33,52,114,409,97,80
"면세사업자","업태별",제조업,23188,1128,1125,1928,1987,3181,5654,5465,2208,512,22656,1122,1067,2226,1845,3132,5456,5341,2027,440,21830,1214,1277,2046,1806,2976,5219,5026,1896,370,21016,1253,1088,2034,1744,2949,5011,4882,1749,306,20330,1146,1192,1978,1711,2949,4817,4713,1564,260
"면세사업자","업태별",전기·가스·수도업,2,0,0,0,0,0,1,1,0,0,2,0,0,0,0,0,1,1,0,0,4,1,-,-,-,1,2,-,-,-,6,1,-,-,2,-,2,1,-,-,6,-,-,2,1,-,3,-,-,-
"면세사업자","업태별",도매업,74199,3010,3127,5432,5087,9418,18247,19155,8700,2023,74901,3251,3240,5973,5714,9345,18559,18701,8413,1705,74780,3485,3705,6604,5531,9175,18681,18341,7893,1365,74432,3966,3914,6472,5520,9524,18394,18301,7173,1168,73792,3998,3778,6439,5448,10665,17638,18261,6498,1067
"면세사업자","업태별",소매업,103749,6205,6048,10176,9087,14806,22642,22896,8908,2981,102804,6569,6074,10905,9595,13808,22211,22445,8576,2621,100003,6477,6847,11209,8453,13120,21692,21752,8154,2299,97018,7130,6547,10066,8070,12762,21278,21424,7689,2052,94055,6519,5832,9622,7923,12974,21245,20707,7300,1933
"면세사업자","업태별",부동산매매업,4958,1068,710,608,448,925,779,389,31,0,3648,344,382,545,442,876,658,377,24,0,3423,376,297,537,716,528,594,363,12,-,3249,214,449,865,379,461,553,320,8,-,3107,650,463,478,301,406,534,270,5,-
"면세사업자","업태별",건설업,10342,189,328,1132,1115,1303,3449,2417,379,30,10932,507,739,1378,819,1516,3359,2294,299,21,11447,839,845,1281,850,2150,3240,2059,169,14,12252,972,999,1316,1352,2523,3249,1698,135,8,13034,909,1028,1958,1904,2571,2929,1603,129,3
"면세사업자","업태별",음식업,87,5,7,14,10,28,12,7,3,1,88,9,11,13,29,7,11,4,3,1,86,7,10,39,5,6,11,6,1,1,81,13,34,3,5,7,8,9,1,1,43,1,5,7,4,7,11,4,3,1
"면세사업자","업태별",숙박업,142,3,5,15,21,21,37,25,14,1,160,6,12,27,12,27,37,24,15,0,157,9,22,16,13,23,33,23,18,-,144,5,14,16,15,29,23,24,18,-,144,7,7,19,11,28,22,27,23,-
"면세사업자","업태별",운수·창고·통신업,1685,71,36,62,75,156,374,487,406,18,1690,36,26,79,96,127,438,474,400,14,1722,38,47,99,86,142,465,508,325,12,1748,69,39,96,63,146,521,560,246,8,1752,51,51,68,98,151,516,610,201,6
"면세사업자","업태별",부동산임대업,644359,8921,14825,29463,42850,249082,249452,42398,7242,126,646295,11426,19369,44505,177261,214100,140821,33085,5638,90,649929,16262,30433,188157,87671,191142,106643,25155,4404,62,645025,33978,170594,93470,143551,92401,84965,22476,3553,37,462421,61820,36944,148460,59190,70128,60658,22408,2783,30
"면세사업자","업태별",대리·중개·도급업,4059,112,134,246,279,687,1843,721,24,13,4374,146,159,359,329,1082,1673,593,22,11,4624,186,259,402,556,1256,1431,503,19,12,4850,204,311,679,782,1173,1251,414,23,13,5252,380,518,1006,800,1067,1134,307,28,12
"면세사업자","업태별",서비스업,360399,26632,25398,36198,31532,52465,84027,69421,27177,7549,340857,21922,20415,36239,30287,54196,78625,67121,25731,6321,325659,20012,21440,34252,32183,50510,74156,64140,23773,5193,311306,18337,20929,36397,30905,46621,70209,61682,21836,4390,301728,20528,21734,35779,28594,44605,67366,59056,20405,3661
